Year (AD),CH4 (ppb),CO2 (ppm),N2O (ppb),SO2 (ppb),Global Land and Ocean Temperature Anomalies (Celsius)
1,647.60,276.70,264.2,,
2,647.10,276.80,264.1,,
3,646.50,276.80,264.1,,
4,646.00,276.90,264,,
5,645.50,276.90,264,,
6,645.00,277.00,263.9,,
7,644.50,277.10,263.8,,
8,644.00,277.10,263.8,,
9,643.40,277.20,263.7,,
10,642.90,277.20,263.7,,
11,642.40,277.30,263.6,,
12,641.90,277.30,263.6,,
13,641.40,277.40,263.5,,
14,641.00,277.40,263.5,,
15,640.50,277.50,263.4,,
16,640.00,277.50,263.4,,
17,639.50,277.60,263.4,,
18,639.00,277.60,263.3,,
19,638.60,277.60,263.3,,
20,638.10,277.70,263.2,,
21,637.70,277.70,263.2,,
22,637.20,277.70,263.2,,
23,636.80,277.80,263.2,,
24,636.40,277.80,263.1,,
25,636.00,277.80,263.1,,
26,635.60,277.90,263.1,,
27,635.20,277.90,263.1,,
28,634.80,277.90,263.1,,
29,634.40,277.90,263.1,,
30,634.10,277.90,263.1,,
31,633.70,277.90,263.1,,
32,633.40,277.90,263.1,,
33,633.10,277.90,263.1,,
34,632.80,277.90,263.2,,
35,632.50,277.90,263.2,,
36,632.20,277.90,263.2,,
37,631.90,277.90,263.2,,
38,631.60,277.80,263.3,,
39,631.40,277.80,263.3,,
40,631.10,277.80,263.3,,
41,630.90,277.80,263.4,,
42,630.70,277.80,263.4,,
43,630.50,277.70,263.5,,
44,630.20,277.70,263.5,,
45,630.00,277.70,263.6,,
46,629.90,277.70,263.6,,
47,629.70,277.60,263.7,,
48,629.50,277.60,263.7,,
49,629.40,277.60,263.8,,
50,629.20,277.50,263.8,,
51,629.10,277.50,263.9,,
52,628.90,277.50,264,,
53,628.80,277.50,264,,
54,628.70,277.40,264.1,,
55,628.60,277.40,264.1,,
56,628.50,277.40,264.2,,
57,628.40,277.40,264.3,,
58,628.30,277.40,264.3,,
59,628.20,277.30,264.4,,
60,628.20,277.30,264.4,,
61,628.10,277.30,264.5,,
62,628.10,277.30,264.5,,
63,628.00,277.30,264.6,,
64,628.00,277.30,264.7,,
65,627.90,277.30,264.7,,
66,627.90,277.30,264.8,,
67,627.90,277.30,264.8,,
68,627.90,277.30,264.9,,
69,627.90,277.30,264.9,,
70,627.90,277.30,265,,
71,627.90,277.30,265,,
72,627.90,277.20,265.1,,
73,627.90,277.30,265.1,,
74,628.00,277.30,265.2,,
75,628.00,277.30,265.2,,
76,628.00,277.30,265.3,,
77,628.10,277.30,265.3,,
78,628.10,277.30,265.4,,
79,628.20,277.30,265.4,,
80,628.30,277.30,265.5,,
81,628.40,277.30,265.5,,
82,628.40,277.30,265.6,,
83,628.50,277.30,265.6,,
84,628.60,277.30,265.6,,
85,628.70,277.30,265.7,,
86,628.80,277.30,265.7,,
87,628.90,277.30,265.8,,
88,629.10,277.30,265.8,,
89,629.20,277.30,265.8,,
90,629.30,277.40,265.9,,
91,629.40,277.40,265.9,,
92,629.60,277.40,265.9,,
93,629.70,277.40,266,,
94,629.90,277.40,266,,
95,630.00,277.40,266,,
96,630.20,277.40,266.1,,
97,630.40,277.40,266.1,,
98,630.50,277.40,266.1,,
99,630.70,277.40,266.2,,
100,630.90,277.50,266.2,,
101,631.10,277.50,266.2,,
102,631.30,277.50,266.2,,
103,631.50,277.50,266.3,,
104,631.70,277.50,266.3,,
105,631.90,277.50,266.3,,
106,632.10,277.50,266.3,,
107,632.30,277.50,266.3,,
108,632.60,277.50,266.3,,
109,632.80,277.50,266.4,,
110,633.00,277.50,266.4,,
111,633.20,277.50,266.4,,
112,633.50,277.60,266.4,,
113,633.70,277.60,266.4,,
114,634.00,277.60,266.4,,
115,634.20,277.60,266.4,,
116,634.40,277.60,266.4,,
117,634.70,277.60,266.4,,
118,634.90,277.60,266.4,,
119,635.10,277.60,266.4,,
120,635.40,277.60,266.4,,
121,635.60,277.70,266.4,,
122,635.90,277.70,266.4,,
123,636.10,277.70,266.4,,
124,636.30,277.70,266.4,,
125,636.50,277.70,266.4,,
126,636.80,277.80,266.3,,
127,637.00,277.80,266.3,,
128,637.20,277.80,266.3,,
129,637.40,277.80,266.3,,
130,637.60,277.90,266.3,,
131,637.80,277.90,266.2,,
132,638.00,277.90,266.2,,
133,638.10,278.00,266.2,,
134,638.30,278.00,266.2,,
135,638.50,278.10,266.1,,
136,638.60,278.10,266.1,,
137,638.80,278.20,266.1,,
138,638.90,278.20,266,,
139,639.10,278.30,266,,
140,639.20,278.30,265.9,,
141,639.30,278.40,265.9,,
142,639.40,278.40,265.9,,
143,639.50,278.50,265.8,,
144,639.60,278.60,265.8,,
145,639.70,278.60,265.7,,
146,639.70,278.70,265.7,,
147,639.80,278.80,265.6,,
148,639.90,278.80,265.6,,
149,639.90,278.90,265.6,,
150,640.00,279.00,265.5,,
151,640.10,279.00,265.5,,
152,640.10,279.10,265.4,,
153,640.20,279.20,265.4,,
154,640.20,279.30,265.4,,
155,640.20,279.30,265.3,,
156,640.30,279.40,265.3,,
157,640.30,279.50,265.3,,
158,640.40,279.50,265.2,,
159,640.40,279.60,265.2,,
160,640.50,279.70,265.2,,
161,640.50,279.70,265.2,,
162,640.50,279.80,265.1,,
163,640.60,279.80,265.1,,
164,640.60,279.90,265.1,,
165,640.70,279.90,265.1,,
166,640.70,280.00,265.1,,
167,640.80,280.00,265.1,,
168,640.80,280.10,265.1,,
169,640.90,280.10,265.1,,
170,641.00,280.20,265.1,,
171,641.00,280.20,265.1,,
172,641.10,280.20,265.2,,
173,641.20,280.30,265.2,,
174,641.30,280.30,265.2,,
175,641.40,280.30,265.3,,
176,641.40,280.30,265.3,,
177,641.50,280.40,265.3,,
178,641.60,280.40,265.4,,
179,641.70,280.40,265.4,,
180,641.70,280.40,265.5,,
181,641.80,280.40,265.5,,
182,641.90,280.40,265.6,,
183,641.90,280.40,265.6,,
184,642.00,280.50,265.7,,
185,642.00,280.50,265.8,,
186,642.10,280.50,265.8,,
187,642.10,280.50,265.9,,
188,642.10,280.50,266,,
189,642.10,280.50,266,,
190,642.10,280.50,266.1,,
191,642.10,280.50,266.2,,
192,642.10,280.50,266.3,,
193,642.10,280.50,266.3,,
194,642.00,280.60,266.4,,
195,642.00,280.60,266.5,,
196,641.90,280.60,266.6,,
197,641.80,280.60,266.6,,
198,641.70,280.60,266.7,,
199,641.60,280.60,266.8,,
200,641.40,280.60,266.9,,
201,641.30,280.70,266.9,,
202,641.10,280.70,267,,
203,640.90,280.70,267.1,,
204,640.60,280.70,267.2,,
205,640.40,280.80,267.2,,
206,640.10,280.80,267.3,,
207,639.90,280.80,267.4,,
208,639.60,280.90,267.4,,
209,639.20,280.90,267.5,,
210,638.90,281.00,267.6,,
211,638.60,281.00,267.6,,
212,638.20,281.00,267.7,,
213,637.90,281.10,267.8,,
214,637.50,281.10,267.8,,
215,637.10,281.10,267.9,,
216,636.80,281.20,267.9,,
217,636.40,281.20,268,,
218,636.00,281.30,268,,
219,635.60,281.30,268.1,,
220,635.20,281.30,268.1,,
221,634.80,281.40,268.2,,
222,634.40,281.40,268.2,,
223,634.10,281.40,268.2,,
224,633.70,281.40,268.2,,
225,633.30,281.50,268.3,,
226,633.00,281.50,268.3,,
227,632.60,281.50,268.3,,
228,632.30,281.50,268.3,,
229,632.00,281.50,268.3,,
230,631.70,281.50,268.3,,
231,631.40,281.50,268.3,,
232,631.10,281.50,268.3,,
233,630.90,281.50,268.3,,
234,630.60,281.50,268.3,,
235,630.40,281.50,268.2,,
236,630.20,281.50,268.2,,
237,629.90,281.40,268.2,,
238,629.70,281.40,268.1,,
239,629.60,281.40,268.1,,
240,629.40,281.40,268.1,,
241,629.20,281.40,268,,
242,629.10,281.30,268,,
243,628.90,281.30,267.9,,
244,628.80,281.30,267.9,,
245,628.60,281.20,267.8,,
246,628.50,281.20,267.7,,
247,628.40,281.20,267.7,,
248,628.30,281.10,267.6,,
249,628.20,281.10,267.5,,
250,628.10,281.00,267.5,,
251,628.00,281.00,267.4,,
252,627.90,281.00,267.3,,
253,627.90,280.90,267.2,,
254,627.80,280.90,267.1,,
255,627.70,280.80,267.1,,
256,627.70,280.80,267,,
257,627.60,280.70,266.9,,
258,627.60,280.70,266.8,,
259,627.50,280.70,266.7,,
260,627.50,280.60,266.6,,
261,627.40,280.60,266.5,,
262,627.40,280.50,266.4,,
263,627.30,280.50,266.3,,
264,627.30,280.40,266.2,,
265,627.30,280.40,266.1,,
266,627.20,280.40,266,,
267,627.20,280.30,265.9,,
268,627.20,280.30,265.8,,
269,627.10,280.30,265.7,,
270,627.10,280.20,265.6,,
271,627.10,280.20,265.5,,
272,627.00,280.20,265.4,,
273,627.00,280.10,265.3,,
274,626.90,280.10,265.1,,
275,626.90,280.10,265,,
276,626.90,280.10,264.9,,
277,626.80,280.00,264.8,,
278,626.80,280.00,264.7,,
279,626.70,280.00,264.6,,
280,626.60,280.00,264.5,,
281,626.60,280.00,264.4,,
282,626.50,280.00,264.3,,
283,626.40,280.00,264.2,,
284,626.40,279.90,264.1,,
285,626.30,279.90,263.9,,
286,626.20,279.90,263.8,,
287,626.10,279.90,263.7,,
288,626.00,279.90,263.6,,
289,625.90,279.90,263.5,,
290,625.80,279.90,263.4,,
291,625.70,279.90,263.3,,
292,625.60,279.90,263.2,,
293,625.50,279.90,263.1,,
294,625.40,279.90,263,,
295,625.30,279.90,262.9,,
296,625.20,279.90,262.8,,
297,625.00,279.90,262.8,,
298,624.90,279.80,262.7,,
299,624.80,279.80,262.6,,
300,624.60,279.80,262.5,,
301,624.50,279.80,262.4,,
302,624.30,279.80,262.3,,
303,624.10,279.80,262.2,,
304,624.00,279.80,262.2,,
305,623.80,279.80,262.1,,
306,623.60,279.70,262,,
307,623.40,279.70,262,,
308,623.30,279.70,261.9,,
309,623.10,279.70,261.8,,
310,622.90,279.60,261.8,,
311,622.70,279.60,261.7,,
312,622.50,279.60,261.7,,
313,622.30,279.60,261.6,,
314,622.10,279.50,261.6,,
315,621.90,279.50,261.5,,
316,621.70,279.50,261.5,,
317,621.50,279.40,261.5,,
318,621.40,279.40,261.4,,
319,621.20,279.40,261.4,,
320,621.00,279.30,261.4,,
321,620.80,279.30,261.4,,
322,620.60,279.20,261.4,,
323,620.50,279.20,261.3,,
324,620.30,279.10,261.3,,
325,620.10,279.10,261.3,,
326,620.00,279.10,261.3,,
327,619.80,279.00,261.4,,
328,619.70,279.00,261.4,,
329,619.60,278.90,261.4,,
330,619.40,278.90,261.4,,
331,619.30,278.80,261.5,,
332,619.20,278.80,261.5,,
333,619.10,278.70,261.5,,
334,619.00,278.60,261.6,,
335,618.90,278.60,261.6,,
336,618.90,278.50,261.7,,
337,618.80,278.50,261.7,,
338,618.80,278.40,261.8,,
339,618.70,278.40,261.9,,
340,618.70,278.30,261.9,,
341,618.70,278.20,262,,
342,618.60,278.20,262.1,,
343,618.60,278.10,262.2,,
344,618.60,278.10,262.2,,
345,618.70,278.00,262.3,,
346,618.70,277.90,262.4,,
347,618.70,277.90,262.5,,
348,618.70,277.80,262.5,,
349,618.80,277.80,262.6,,
350,618.80,277.70,262.7,,
351,618.90,277.60,262.8,,
352,619.00,277.60,262.9,,
353,619.00,277.50,263,,
354,619.10,277.50,263,,
355,619.20,277.40,263.1,,
356,619.30,277.40,263.2,,
357,619.50,277.30,263.3,,
358,619.60,277.30,263.4,,
359,619.70,277.20,263.4,,
360,619.90,277.20,263.5,,
361,620.00,277.10,263.6,,
362,620.20,277.10,263.6,,
363,620.30,277.10,263.7,,
364,620.50,277.00,263.8,,
365,620.70,277.00,263.8,,
366,620.90,277.00,263.9,,
367,621.10,276.90,263.9,,
368,621.30,276.90,264,,
369,621.50,276.90,264,,
370,621.70,276.80,264.1,,
371,622.00,276.80,264.1,,
372,622.20,276.80,264.1,,
373,622.50,276.80,264.2,,
374,622.70,276.70,264.2,,
375,623.00,276.70,264.2,,
376,623.20,276.70,264.2,,
377,623.50,276.70,264.3,,
378,623.80,276.70,264.3,,
379,624.00,276.70,264.3,,
380,624.30,276.70,264.3,,
381,624.60,276.70,264.3,,
382,624.90,276.60,264.3,,
383,625.20,276.60,264.3,,
384,625.50,276.60,264.3,,
385,625.80,276.60,264.3,,
386,626.10,276.60,264.3,,
387,626.40,276.60,264.3,,
388,626.70,276.60,264.3,,
389,627.00,276.60,264.3,,
390,627.30,276.60,264.3,,
391,627.60,276.60,264.3,,
392,627.90,276.60,264.3,,
393,628.20,276.60,264.3,,
394,628.50,276.60,264.3,,
395,628.80,276.60,264.3,,
396,629.10,276.60,264.3,,
397,629.40,276.70,264.2,,
398,629.70,276.70,264.2,,
399,630.00,276.70,264.2,,
400,630.30,276.70,264.2,,
401,630.60,276.70,264.2,,
402,630.90,276.70,264.1,,
403,631.20,276.70,264.1,,
404,631.40,276.70,264.1,,
405,631.70,276.70,264.1,,
406,632.00,276.70,264,,
407,632.30,276.70,264,,
408,632.50,276.80,264,,
409,632.80,276.80,264,,
410,633.00,276.80,263.9,,
411,633.30,276.80,263.9,,
412,633.50,276.80,263.9,,
413,633.70,276.80,263.9,,
414,634.00,276.80,263.8,,
415,634.20,276.80,263.8,,
416,634.40,276.80,263.8,,
417,634.60,276.80,263.8,,
418,634.80,276.80,263.7,,
419,635.00,276.90,263.7,,
420,635.10,276.90,263.7,,
421,635.30,276.90,263.7,,
422,635.50,276.90,263.6,,
423,635.60,276.90,263.6,,
424,635.70,276.90,263.6,,
425,635.90,276.90,263.6,,
426,636.00,276.90,263.5,,
427,636.10,276.90,263.5,,
428,636.20,276.90,263.5,,
429,636.20,276.90,263.5,,
430,636.30,276.90,263.5,,
431,636.40,276.90,263.5,,
432,636.40,276.90,263.4,,
433,636.40,276.90,263.4,,
434,636.50,276.90,263.4,,
435,636.50,276.90,263.4,,
436,636.50,276.90,263.4,,
437,636.50,276.90,263.4,,
438,636.50,276.90,263.4,,
439,636.50,276.90,263.4,,
440,636.50,276.90,263.4,,
441,636.50,276.90,263.4,,
442,636.50,276.90,263.3,,
443,636.60,276.80,263.3,,
444,636.60,276.80,263.3,,
445,636.60,276.80,263.3,,
446,636.60,276.80,263.3,,
447,636.70,276.80,263.3,,
448,636.70,276.80,263.3,,
449,636.80,276.80,263.3,,
450,636.90,276.80,263.3,,
451,637.00,276.80,263.3,,
452,637.10,276.80,263.3,,
453,637.20,276.80,263.3,,
454,637.30,276.80,263.3,,
455,637.50,276.70,263.3,,
456,637.70,276.70,263.3,,
457,637.90,276.70,263.3,,
458,638.10,276.70,263.2,,
459,638.40,276.70,263.2,,
460,638.60,276.70,263.2,,
461,638.90,276.70,263.2,,
462,639.30,276.70,263.2,,
463,639.60,276.70,263.2,,
464,640.00,276.70,263.2,,
465,640.50,276.70,263.2,,
466,640.90,276.70,263.2,,
467,641.40,276.70,263.1,,
468,641.90,276.70,263.1,,
469,642.40,276.70,263.1,,
470,642.90,276.70,263.1,,
471,643.40,276.70,263.1,,
472,644.00,276.70,263,,
473,644.60,276.70,263,,
474,645.20,276.60,263,,
475,645.80,276.60,263,,
476,646.40,276.60,262.9,,
477,647.00,276.60,262.9,,
478,647.60,276.60,262.9,,
479,648.20,276.60,262.9,,
480,648.90,276.60,262.8,,
481,649.50,276.60,262.8,,
482,650.10,276.60,262.7,,
483,650.80,276.60,262.7,,
484,651.40,276.60,262.7,,
485,652.00,276.60,262.6,,
486,652.60,276.60,262.6,,
487,653.20,276.60,262.5,,
488,653.80,276.60,262.5,,
489,654.40,276.60,262.4,,
490,655.00,276.50,262.4,,
491,655.50,276.50,262.3,,
492,656.00,276.50,262.3,,
493,656.60,276.50,262.2,,
494,657.10,276.50,262.1,,
495,657.50,276.50,262.1,,
496,658.00,276.50,262,,
497,658.40,276.50,261.9,,
498,658.80,276.40,261.8,,
499,659.20,276.40,261.8,,
500,659.50,276.40,261.7,,
501,659.80,276.40,261.6,,
502,660.10,276.30,261.5,,
503,660.30,276.30,261.4,,
504,660.50,276.30,261.3,,
505,660.70,276.30,261.2,,
506,660.90,276.30,261.1,,
507,661.00,276.20,261.1,,
508,661.10,276.20,261,,
509,661.20,276.20,260.9,,
510,661.20,276.10,260.8,,
511,661.30,276.10,260.7,,
512,661.30,276.10,260.6,,
513,661.30,276.10,260.5,,
514,661.20,276.00,260.4,,
515,661.20,276.00,260.3,,
516,661.10,276.00,260.3,,
517,661.00,276.00,260.2,,
518,660.90,276.00,260.1,,
519,660.80,275.90,260.1,,
520,660.70,275.90,260,,
521,660.50,275.90,260,,
522,660.40,275.90,259.9,,
523,660.20,275.90,259.9,,
524,660.00,275.90,259.8,,
525,659.90,275.90,259.8,,
526,659.70,275.90,259.8,,
527,659.50,275.90,259.8,,
528,659.30,275.90,259.8,,
529,659.10,275.90,259.8,,
530,658.90,275.90,259.8,,
531,658.70,275.90,259.8,,
532,658.50,275.90,259.9,,
533,658.30,275.90,259.9,,
534,658.10,275.90,260,,
535,657.80,276.00,260.1,,
536,657.70,276.00,260.1,,
537,657.50,276.00,260.2,,
538,657.30,276.10,260.3,,
539,657.10,276.10,260.5,,
540,656.90,276.10,260.6,,
541,656.70,276.20,260.7,,
542,656.60,276.20,260.9,,
543,656.40,276.30,261.1,,
544,656.30,276.30,261.2,,
545,656.10,276.40,261.4,,
546,656.00,276.40,261.6,,
547,655.80,276.50,261.7,,
548,655.70,276.60,261.9,,
549,655.50,276.60,262.1,,
550,655.40,276.70,262.3,,
551,655.30,276.70,262.5,,
552,655.10,276.80,262.7,,
553,655.00,276.90,262.8,,
554,654.90,276.90,263,,
555,654.70,277.00,263.2,,
556,654.60,277.00,263.4,,
557,654.50,277.10,263.5,,
558,654.30,277.20,263.7,,
559,654.20,277.20,263.9,,
560,654.10,277.30,264,,
561,653.90,277.30,264.1,,
562,653.80,277.40,264.3,,
563,653.70,277.40,264.4,,
564,653.50,277.40,264.5,,
565,653.40,277.50,264.5,,
566,653.20,277.50,264.6,,
567,653.10,277.50,264.7,,
568,652.90,277.60,264.7,,
569,652.70,277.60,264.7,,
570,652.60,277.60,264.7,,
571,652.40,277.60,264.7,,
572,652.20,277.60,264.7,,
573,652.00,277.60,264.6,,
574,651.80,277.60,264.6,,
575,651.60,277.60,264.5,,
576,651.40,277.50,264.3,,
577,651.20,277.50,264.2,,
578,650.90,277.50,264.1,,
579,650.70,277.50,263.9,,
580,650.40,277.40,263.8,,
581,650.20,277.40,263.6,,
582,649.90,277.40,263.4,,
583,649.70,277.30,263.2,,
584,649.40,277.30,263.1,,
585,649.10,277.20,262.9,,
586,648.80,277.20,262.7,,
587,648.50,277.20,262.5,,
588,648.20,277.10,262.3,,
589,647.90,277.10,262.1,,
590,647.60,277.00,261.9,,
591,647.30,277.00,261.8,,
592,646.90,277.00,261.6,,
593,646.60,277.00,261.5,,
594,646.20,276.90,261.3,,
595,645.90,276.90,261.2,,
596,645.50,276.90,261.1,,
597,645.10,276.90,261,,
598,644.70,276.90,260.9,,
599,644.40,276.90,260.8,,
600,644.00,276.90,260.8,,
601,643.60,276.90,260.7,,
602,643.10,276.90,260.7,,
603,642.70,276.90,260.7,,
604,642.30,277.00,260.7,,
605,641.90,277.00,260.7,,
606,641.50,277.00,260.7,,
607,641.10,277.00,260.7,,
608,640.70,277.10,260.7,,
609,640.30,277.10,260.8,,
610,639.90,277.20,260.8,,
611,639.50,277.20,260.9,,
612,639.10,277.20,260.9,,
613,638.70,277.30,261,,
614,638.30,277.30,261,,
615,637.90,277.40,261.1,,
616,637.50,277.40,261.2,,
617,637.20,277.50,261.3,,
618,636.80,277.50,261.3,,
619,636.50,277.60,261.4,,
620,636.20,277.60,261.5,,
621,635.90,277.70,261.6,,
622,635.60,277.80,261.7,,
623,635.30,277.80,261.7,,
624,635.10,277.90,261.8,,
625,634.80,277.90,261.9,,
626,634.60,278.00,262,,
627,634.40,278.00,262,,
628,634.20,278.10,262.1,,
629,634.00,278.10,262.2,,
630,633.90,278.20,262.2,,
631,633.80,278.20,262.3,,
632,633.70,278.30,262.3,,
633,633.60,278.30,262.3,,
634,633.60,278.40,262.4,,
635,633.60,278.40,262.4,,
636,633.60,278.50,262.4,,
637,633.60,278.50,262.4,,
638,633.70,278.60,262.4,,
639,633.70,278.60,262.4,,
640,633.80,278.60,262.4,,
641,634.00,278.70,262.3,,
642,634.10,278.70,262.3,,
643,634.20,278.70,262.3,,
644,634.40,278.80,262.3,,
645,634.60,278.80,262.2,,
646,634.80,278.80,262.2,,
647,635.00,278.90,262.2,,
648,635.30,278.90,262.1,,
649,635.50,278.90,262.1,,
650,635.80,279.00,262,,
651,636.00,279.00,262,,
652,636.30,279.00,261.9,,
653,636.60,279.00,261.9,,
654,636.90,279.10,261.8,,
655,637.20,279.10,261.8,,
656,637.60,279.10,261.7,,
657,637.90,279.10,261.7,,
658,638.20,279.20,261.6,,
659,638.50,279.20,261.6,,
660,638.90,279.20,261.5,,
661,639.20,279.20,261.5,,
662,639.60,279.30,261.4,,
663,639.90,279.30,261.4,,
664,640.30,279.30,261.3,,
665,640.60,279.30,261.3,,
666,641.00,279.40,261.3,,
667,641.30,279.40,261.2,,
668,641.70,279.40,261.2,,
669,642.00,279.40,261.2,,
670,642.40,279.50,261.2,,
671,642.70,279.50,261.1,,
672,643.00,279.50,261.1,,
673,643.40,279.50,261.1,,
674,643.70,279.50,261.1,,
675,644.00,279.60,261.1,,
676,644.30,279.60,261.1,,
677,644.60,279.60,261.1,,
678,644.90,279.60,261.1,,
679,645.20,279.60,261.1,,
680,645.50,279.70,261.2,,
681,645.80,279.70,261.2,,
682,646.10,279.70,261.2,,
683,646.30,279.70,261.2,,
684,646.60,279.70,261.3,,
685,646.90,279.70,261.3,,
686,647.10,279.70,261.3,,
687,647.30,279.80,261.4,,
688,647.60,279.80,261.4,,
689,647.80,279.80,261.5,,
690,648.00,279.80,261.5,,
691,648.20,279.80,261.6,,
692,648.50,279.80,261.6,,
693,648.60,279.80,261.7,,
694,648.80,279.80,261.7,,
695,649.00,279.70,261.8,,
696,649.20,279.70,261.9,,
697,649.30,279.70,261.9,,
698,649.50,279.70,262,,
699,649.60,279.70,262.1,,
700,649.80,279.70,262.1,,
701,649.90,279.60,262.2,,
702,650.00,279.60,262.3,,
703,650.10,279.60,262.4,,
704,650.20,279.50,262.4,,
705,650.30,279.50,262.5,,
706,650.40,279.50,262.6,,
707,650.40,279.40,262.7,,
708,650.50,279.40,262.8,,
709,650.50,279.30,262.9,,
710,650.60,279.30,263,,
711,650.60,279.30,263.1,,
712,650.60,279.20,263.2,,
713,650.70,279.20,263.3,,
714,650.70,279.10,263.4,,
715,650.70,279.10,263.5,,
716,650.70,279.00,263.6,,
717,650.60,279.00,263.7,,
718,650.60,278.90,263.8,,
719,650.60,278.90,263.9,,
720,650.60,278.90,264,,
721,650.50,278.80,264.1,,
722,650.50,278.80,264.2,,
723,650.40,278.70,264.3,,
724,650.30,278.70,264.4,,
725,650.30,278.70,264.5,,
726,650.20,278.60,264.6,,
727,650.10,278.60,264.8,,
728,650.00,278.60,264.9,,
729,649.90,278.50,265,,
730,649.80,278.50,265.1,,
731,649.70,278.50,265.2,,
732,649.50,278.50,265.3,,
733,649.40,278.40,265.4,,
734,649.30,278.40,265.5,,
735,649.20,278.40,265.7,,
736,649.00,278.40,265.8,,
737,648.90,278.40,265.9,,
738,648.70,278.40,266,,
739,648.60,278.40,266.1,,
740,648.40,278.40,266.2,,
741,648.20,278.40,266.4,,
742,648.10,278.40,266.5,,
743,647.90,278.40,266.6,,
744,647.70,278.40,266.7,,
745,647.50,278.40,266.8,,
746,647.30,278.40,266.9,,
747,647.20,278.40,267,,
748,647.00,278.40,267.2,,
749,646.80,278.40,267.3,,
750,646.60,278.40,267.4,,
751,646.40,278.40,267.5,,
752,646.20,278.40,267.6,,
753,646.00,278.40,267.7,,
754,645.80,278.40,267.8,,
755,645.60,278.40,267.9,,
756,645.40,278.40,268,,
757,645.20,278.40,268.1,,
758,645.00,278.50,268.2,,
759,644.70,278.50,268.3,,
760,644.50,278.50,268.4,,
761,644.30,278.50,268.5,,
762,644.10,278.50,268.6,,
763,643.90,278.50,268.7,,
764,643.70,278.50,268.8,,
765,643.50,278.50,268.9,,
766,643.30,278.50,269,,
767,643.10,278.50,269.1,,
768,642.90,278.50,269.2,,
769,642.70,278.50,269.3,,
770,642.50,278.50,269.3,,
771,642.30,278.50,269.4,,
772,642.10,278.50,269.5,,
773,641.90,278.50,269.6,,
774,641.70,278.50,269.7,,
775,641.60,278.50,269.7,,
776,641.40,278.50,269.8,,
777,641.30,278.50,269.9,,
778,641.10,278.50,269.9,,
779,641.00,278.50,270,,
780,640.90,278.50,270.1,,
781,640.80,278.50,270.1,,
782,640.70,278.50,270.2,,
783,640.70,278.50,270.2,,
784,640.60,278.50,270.3,,
785,640.60,278.50,270.3,,
786,640.50,278.50,270.4,,
787,640.50,278.50,270.4,,
788,640.60,278.50,270.5,,
789,640.60,278.50,270.5,,
790,640.70,278.50,270.5,,
791,640.70,278.50,270.6,,
792,640.80,278.50,270.6,,
793,641.00,278.50,270.6,,
794,641.10,278.50,270.6,,
795,641.30,278.50,270.7,,
796,641.50,278.50,270.7,,
797,641.70,278.50,270.7,,
798,642.00,278.50,270.7,,
799,642.30,278.50,270.7,,
800,642.60,278.50,270.7,,
801,642.90,278.50,270.7,,
802,643.30,278.50,270.7,,
803,643.70,278.50,270.7,,
804,644.10,278.50,270.7,,
805,644.60,278.60,270.6,,
806,645.00,278.60,270.6,,
807,645.50,278.60,270.6,,
808,646.00,278.60,270.6,,
809,646.50,278.60,270.6,,
810,647.10,278.60,270.5,,
811,647.60,278.60,270.5,,
812,648.20,278.70,270.5,,
813,648.70,278.70,270.4,,
814,649.30,278.70,270.4,,
815,649.80,278.70,270.4,,
816,650.40,278.70,270.3,,
817,651.00,278.70,270.3,,
818,651.50,278.80,270.2,,
819,652.10,278.80,270.2,,
820,652.60,278.80,270.1,,
821,653.10,278.80,270.1,,
822,653.70,278.80,270.1,,
823,654.20,278.90,270,,
824,654.70,278.90,270,,
825,655.10,278.90,269.9,,
826,655.60,278.90,269.9,,
827,656.00,278.90,269.8,,
828,656.40,279.00,269.8,,
829,656.80,279.00,269.7,,
830,657.20,279.00,269.7,,
831,657.50,279.00,269.7,,
832,657.80,279.00,269.6,,
833,658.00,279.00,269.6,,
834,658.30,279.10,269.5,,
835,658.50,279.10,269.5,,
836,658.60,279.10,269.5,,
837,658.80,279.10,269.4,,
838,658.90,279.10,269.4,,
839,659.00,279.10,269.4,,
840,659.10,279.20,269.4,,
841,659.20,279.20,269.3,,
842,659.20,279.20,269.3,,
843,659.20,279.20,269.3,,
844,659.20,279.20,269.3,,
845,659.20,279.20,269.3,,
846,659.10,279.20,269.3,,
847,659.00,279.30,269.2,,
848,659.00,279.30,269.2,,
849,658.90,279.30,269.2,,
850,658.70,279.30,269.2,,
851,658.60,279.30,269.3,,
852,658.50,279.30,269.3,,
853,658.30,279.30,269.3,,
854,658.10,279.30,269.3,,
855,658.00,279.30,269.3,,
856,657.80,279.30,269.4,,
857,657.60,279.30,269.4,,
858,657.40,279.30,269.4,,
859,657.20,279.30,269.5,,
860,656.90,279.30,269.5,,
861,656.70,279.30,269.6,,
862,656.50,279.30,269.6,,
863,656.20,279.30,269.7,,
864,656.00,279.30,269.8,,
865,655.70,279.30,269.8,,
866,655.50,279.20,269.9,,
867,655.20,279.20,270,,
868,655.00,279.20,270,,
869,654.70,279.20,270.1,,
870,654.40,279.20,270.2,,
871,654.20,279.20,270.3,,
872,653.90,279.20,270.4,,
873,653.60,279.20,270.4,,
874,653.30,279.10,270.5,,
875,653.10,279.10,270.6,,
876,652.80,279.10,270.7,,
877,652.50,279.10,270.8,,
878,652.20,279.10,270.9,,
879,652.00,279.10,270.9,,
880,651.70,279.10,271,,
881,651.40,279.00,271.1,,
882,651.10,279.00,271.2,,
883,650.80,279.00,271.3,,
884,650.60,279.00,271.4,,
885,650.30,279.00,271.4,,
886,650.00,279.00,271.5,,
887,649.80,279.00,271.6,,
888,649.50,279.00,271.6,,
889,649.30,279.00,271.7,,
890,649.00,278.90,271.8,,
891,648.80,278.90,271.8,,
892,648.50,278.90,271.9,,
893,648.30,278.90,271.9,,
894,648.00,278.90,272,,
895,647.80,278.90,272,,
896,647.60,278.90,272.1,,
897,647.40,278.90,272.1,,
898,647.20,278.90,272.1,,
899,647.00,278.90,272.1,,
900,646.80,278.90,272.1,,
901,646.60,278.90,272.2,,
902,646.40,278.90,272.2,,
903,646.30,278.90,272.2,,
904,646.10,278.90,272.2,,
905,646.00,278.90,272.1,,
906,645.80,278.90,272.1,,
907,645.70,278.90,272.1,,
908,645.60,278.90,272.1,,
909,645.50,279.00,272.1,,
910,645.40,279.00,272,,
911,645.30,279.00,272,,
912,645.20,279.00,272,,
913,645.10,279.00,271.9,,
914,645.00,279.00,271.9,,
915,645.00,279.00,271.8,,
916,644.90,279.00,271.8,,
917,644.90,279.00,271.7,,
918,644.80,279.10,271.6,,
919,644.80,279.10,271.6,,
920,644.80,279.10,271.5,,
921,644.80,279.10,271.4,,
922,644.80,279.10,271.4,,
923,644.80,279.10,271.3,,
924,644.80,279.10,271.2,,
925,644.80,279.10,271.1,,
926,644.80,279.10,271,,
927,644.90,279.10,270.9,,
928,644.90,279.10,270.9,,
929,645.00,279.20,270.8,,
930,645.10,279.20,270.7,,
931,645.20,279.20,270.6,,
932,645.30,279.20,270.5,,
933,645.40,279.20,270.4,,
934,645.50,279.20,270.3,,
935,645.60,279.20,270.2,,
936,645.70,279.20,270.1,,
937,645.90,279.20,270,,
938,646.00,279.20,269.9,,
939,646.20,279.20,269.8,,
940,646.40,279.10,269.7,,
941,646.50,279.10,269.6,,
942,646.70,279.10,269.4,,
943,646.90,279.10,269.3,,
944,647.10,279.10,269.2,,
945,647.40,279.10,269.1,,
946,647.60,279.10,269,,
947,647.80,279.00,268.9,,
948,648.10,279.00,268.8,,
949,648.40,279.00,268.7,,
950,648.60,279.00,268.6,,
951,648.90,279.00,268.5,,
952,649.20,278.90,268.4,,
953,649.50,278.90,268.3,,
954,649.80,278.90,268.2,,
955,650.00,278.80,268,,
956,650.30,278.80,267.9,,
957,650.60,278.80,267.8,,
958,650.90,278.80,267.7,,
959,651.20,278.70,267.6,,
960,651.50,278.70,267.5,,
961,651.80,278.70,267.4,,
962,652.10,278.70,267.3,,
963,652.40,278.60,267.3,,
964,652.60,278.60,267.2,,
965,652.90,278.60,267.1,,
966,653.20,278.50,267,,
967,653.40,278.50,266.9,,
968,653.70,278.50,266.8,,
969,653.90,278.50,266.7,,
970,654.10,278.50,266.7,,
971,654.40,278.50,266.6,,
972,654.60,278.40,266.5,,
973,654.80,278.40,266.4,,
974,655.00,278.40,266.4,,
975,655.20,278.40,266.3,,
976,655.40,278.40,266.2,,
977,655.60,278.40,266.2,,
978,655.70,278.40,266.1,,
979,655.90,278.40,266.1,,
980,656.10,278.40,266,,
981,656.30,278.40,266,,
982,656.50,278.40,265.9,,
983,656.70,278.40,265.9,,
984,656.90,278.40,265.8,,
985,657.20,278.40,265.8,,
986,657.40,278.50,265.7,,
987,657.60,278.50,265.7,,
988,657.90,278.50,265.6,,
989,658.20,278.50,265.6,,
990,658.50,278.60,265.6,,
991,658.80,278.60,265.5,,
992,659.10,278.60,265.5,,
993,659.40,278.70,265.5,,
994,659.80,278.70,265.5,,
995,660.20,278.70,265.4,,
996,660.60,278.80,265.4,,
997,661.00,278.80,265.4,,
998,661.40,278.90,265.4,,
999,661.90,279.00,265.4,,
1000,662.40,279.00,265.3,,
1001,663.00,279.10,265.3,,
1002,663.50,279.20,265.3,,
1003,664.10,279.20,265.3,,
1004,664.80,279.30,265.3,,
1005,665.40,279.40,265.3,,
1006,666.10,279.50,265.3,,
1007,666.90,279.60,265.3,,
1008,667.60,279.70,265.3,,
1009,668.40,279.80,265.3,,
1010,669.20,279.90,265.3,,
1011,670.10,280.00,265.3,,
1012,670.90,280.10,265.3,,
1013,671.70,280.20,265.3,,
1014,672.50,280.30,265.3,,
1015,673.30,280.30,265.3,,
1016,674.10,280.40,265.3,,
1017,674.90,280.50,265.3,,
1018,675.60,280.60,265.3,,
1019,676.30,280.60,265.3,,
1020,677.00,280.70,265.4,,
1021,677.60,280.70,265.4,,
1022,678.10,280.70,265.4,,
1023,678.60,280.80,265.4,,
1024,679.00,280.80,265.4,,
1025,679.40,280.80,265.4,,
1026,679.60,280.70,265.5,,
1027,679.80,280.70,265.5,,
1028,679.90,280.70,265.5,,
1029,679.90,280.60,265.5,,
1030,679.90,280.60,265.6,,
1031,679.80,280.50,265.6,,
1032,679.60,280.50,265.6,,
1033,679.40,280.40,265.6,,
1034,679.10,280.40,265.7,,
1035,678.80,280.40,265.7,,
1036,678.50,280.30,265.7,,
1037,678.20,280.40,265.7,,
1038,677.80,280.40,265.8,,
1039,677.40,280.40,265.8,,
1040,677.10,280.50,265.8,,
1041,676.70,280.60,265.9,,
1042,676.30,280.70,265.9,,
1043,675.90,280.80,265.9,,
1044,675.60,280.90,266,,
1045,675.20,281.00,266,,
1046,674.80,281.20,266.1,,
1047,674.50,281.30,266.1,,
1048,674.10,281.50,266.1,,
1049,673.80,281.60,266.2,,
1050,673.50,281.80,266.2,,
1051,673.20,281.90,266.2,,
1052,672.90,282.00,266.3,,
1053,672.60,282.20,266.3,,
1054,672.40,282.30,266.4,,
1055,672.20,282.40,266.4,,
1056,672.00,282.60,266.4,,
1057,671.90,282.70,266.5,,
1058,671.80,282.80,266.5,,
1059,671.70,282.90,266.6,,
1060,671.60,282.90,266.6,,
1061,671.60,283.00,266.6,,
1062,671.60,283.00,266.7,,
1063,671.70,283.10,266.7,,
1064,671.80,283.10,266.8,,
1065,671.90,283.10,266.8,,
1066,672.00,283.10,266.9,,
1067,672.10,283.10,266.9,,
1068,672.30,283.10,266.9,,
1069,672.50,283.10,267,,
1070,672.70,283.10,267,,
1071,672.90,283.00,267.1,,
1072,673.10,283.00,267.1,,
1073,673.40,283.00,267.2,,
1074,673.60,282.90,267.2,,
1075,673.80,282.90,267.2,,
1076,674.10,282.90,267.3,,
1077,674.30,282.80,267.3,,
1078,674.60,282.80,267.4,,
1079,674.80,282.70,267.4,,
1080,675.00,282.70,267.4,,
1081,675.20,282.60,267.5,,
1082,675.40,282.60,267.5,,
1083,675.60,282.50,267.6,,
1084,675.80,282.50,267.6,,
1085,675.90,282.50,267.6,,
1086,676.10,282.40,267.7,,
1087,676.20,282.40,267.7,,
1088,676.30,282.40,267.8,,
1089,676.30,282.40,267.8,,
1090,676.40,282.40,267.8,,
1091,676.40,282.40,267.9,,
1092,676.40,282.40,267.9,,
1093,676.30,282.40,267.9,,
1094,676.30,282.40,268,,
1095,676.20,282.40,268,,
1096,676.20,282.50,268,,
1097,676.10,282.50,268.1,,
1098,676.10,282.50,268.1,,
1099,676.00,282.60,268.1,,
1100,675.90,282.60,268.2,,
1101,675.90,282.60,268.2,,
1102,675.90,282.70,268.2,,
1103,675.90,282.70,268.2,,
1104,675.90,282.70,268.3,,
1105,675.90,282.80,268.3,,
1106,675.90,282.80,268.3,,
1107,676.00,282.90,268.3,,
1108,676.20,282.90,268.4,,
1109,676.30,282.90,268.4,,
1110,676.50,283.00,268.4,,
1111,676.70,283.00,268.4,,
1112,676.90,283.10,268.4,,
1113,677.10,283.10,268.5,,
1114,677.40,283.10,268.5,,
1115,677.70,283.20,268.5,,
1116,678.00,283.20,268.5,,
1117,678.30,283.30,268.5,,
1118,678.60,283.30,268.5,,
1119,679.00,283.30,268.5,,
1120,679.30,283.40,268.6,,
1121,679.70,283.40,268.6,,
1122,680.10,283.40,268.6,,
1123,680.50,283.50,268.6,,
1124,680.80,283.50,268.6,,
1125,681.20,283.50,268.6,,
1126,681.60,283.60,268.6,,
1127,682.00,283.60,268.6,,
1128,682.40,283.60,268.6,,
1129,682.80,283.60,268.6,,
1130,683.20,283.70,268.6,,
1131,683.60,283.70,268.6,,
1132,683.90,283.70,268.6,,
1133,684.30,283.70,268.6,,
1134,684.70,283.70,268.6,,
1135,685.00,283.80,268.6,,
1136,685.30,283.80,268.6,,
1137,685.60,283.80,268.6,,
1138,685.90,283.80,268.6,,
1139,686.20,283.80,268.6,,
1140,686.50,283.80,268.6,,
1141,686.70,283.80,268.6,,
1142,686.90,283.90,268.6,,
1143,687.10,283.90,268.6,,
1144,687.30,283.90,268.6,,
1145,687.50,283.90,268.6,,
1146,687.70,283.90,268.6,,
1147,687.80,283.90,268.6,,
1148,688.00,283.90,268.6,,
1149,688.10,283.90,268.6,,
1150,688.20,283.90,268.6,,
1151,688.30,283.90,268.6,,
1152,688.40,283.90,268.6,,
1153,688.40,283.90,268.6,,
1154,688.50,283.90,268.6,,
1155,688.50,283.90,268.5,,
1156,688.60,283.90,268.5,,
1157,688.60,283.90,268.5,,
1158,688.60,283.90,268.5,,
1159,688.60,283.90,268.5,,
1160,688.60,283.90,268.5,,
1161,688.60,283.90,268.5,,
1162,688.60,283.90,268.5,,
1163,688.60,283.90,268.4,,
1164,688.50,283.90,268.4,,
1165,688.50,283.90,268.4,,
1166,688.40,283.90,268.4,,
1167,688.40,283.90,268.4,,
1168,688.30,283.90,268.4,,
1169,688.20,283.90,268.4,,
1170,688.10,283.90,268.3,,
1171,688.00,283.90,268.3,,
1172,687.90,283.90,268.3,,
1173,687.80,283.90,268.3,,
1174,687.70,283.90,268.3,,
1175,687.60,283.90,268.3,,
1176,687.50,283.90,268.3,,
1177,687.30,283.90,268.2,,
1178,687.20,283.90,268.2,,
1179,687.00,283.90,268.2,,
1180,686.80,283.90,268.2,,
1181,686.70,283.90,268.2,,
1182,686.50,283.90,268.2,,
1183,686.30,283.90,268.1,,
1184,686.10,283.90,268.1,,
1185,685.90,283.90,268.1,,
1186,685.60,283.90,268.1,,
1187,685.40,283.90,268.1,,
1188,685.20,283.90,268,,
1189,684.90,283.90,268,,
1190,684.70,283.90,268,,
1191,684.40,283.90,268,,
1192,684.20,283.90,268,,
1193,683.90,283.90,268,,
1194,683.60,283.90,267.9,,
1195,683.30,283.90,267.9,,
1196,683.00,283.90,267.9,,
1197,682.70,283.90,267.9,,
1198,682.40,283.80,267.9,,
1199,682.00,283.80,267.8,,
1200,681.70,283.80,267.8,,
1201,681.30,283.80,267.8,,
1202,680.90,283.80,267.8,,
1203,680.50,283.70,267.8,,
1204,680.00,283.70,267.8,,
1205,679.60,283.70,267.7,,
1206,679.10,283.70,267.7,,
1207,678.60,283.60,267.7,,
1208,678.10,283.60,267.7,,
1209,677.50,283.50,267.7,,
1210,676.90,283.50,267.7,,
1211,676.30,283.40,267.6,,
1212,675.60,283.40,267.6,,
1213,675.00,283.30,267.6,,
1214,674.30,283.20,267.6,,
1215,673.60,283.20,267.6,,
1216,672.90,283.10,267.6,,
1217,672.20,283.00,267.5,,
1218,671.50,283.00,267.5,,
1219,670.80,282.90,267.5,,
1220,670.10,282.80,267.5,,
1221,669.30,282.70,267.5,,
1222,668.60,282.70,267.5,,
1223,667.90,282.60,267.5,,
1224,667.30,282.50,267.5,,
1225,666.60,282.50,267.4,,
1226,665.90,282.40,267.4,,
1227,665.30,282.30,267.4,,
1228,664.70,282.30,267.4,,
1229,664.10,282.20,267.4,,
1230,663.50,282.10,267.4,,
1231,663.00,282.10,267.4,,
1232,662.50,282.00,267.4,,
1233,662.00,282.00,267.4,,
1234,661.60,281.90,267.4,,
1235,661.20,281.90,267.4,,
1236,660.90,281.80,267.4,,
1237,660.60,281.80,267.4,,
1238,660.40,281.80,267.4,,
1239,660.20,281.70,267.4,,
1240,660.00,281.70,267.4,,
1241,660.00,281.70,267.4,,
1242,660.00,281.70,267.4,,
1243,660.00,281.70,267.4,,
1244,660.10,281.70,267.4,,
1245,660.30,281.70,267.4,,
1246,660.60,281.70,267.4,,
1247,660.90,281.70,267.4,,
1248,661.30,281.80,267.4,,
1249,661.80,281.80,267.4,,
1250,662.40,281.80,267.5,,
1251,663.00,281.90,267.5,,
1252,663.70,281.90,267.5,,
1253,664.40,282.00,267.5,,
1254,665.20,282.00,267.5,,
1255,666.00,282.00,267.5,,
1256,666.90,282.10,267.6,,
1257,667.80,282.10,267.6,,
1258,668.70,282.10,267.6,,
1259,669.60,282.10,267.6,,
1260,670.60,282.00,267.7,,
1261,671.60,282.00,267.7,,
1262,672.60,282.00,267.7,,
1263,673.60,281.90,267.8,,
1264,674.60,281.90,267.8,,
1265,675.60,281.80,267.8,,
1266,676.50,281.80,267.9,,
1267,677.50,281.70,267.9,,
1268,678.50,281.70,267.9,,
1269,679.50,281.60,268,,
1270,680.40,281.50,268,,
1271,681.30,281.40,268,,
1272,682.20,281.40,268.1,,
1273,683.10,281.30,268.1,,
1274,684.00,281.20,268.2,,
1275,684.80,281.20,268.2,,
1276,685.60,281.10,268.3,,
1277,686.30,281.00,268.3,,
1278,687.00,281.00,268.3,,
1279,687.60,280.90,268.4,,
1280,688.20,280.90,268.4,,
1281,688.80,280.80,268.5,,
1282,689.30,280.80,268.5,,
1283,689.80,280.80,268.6,,
1284,690.20,280.70,268.6,,
1285,690.60,280.70,268.6,,
1286,691.00,280.70,268.7,,
1287,691.30,280.70,268.7,,
1288,691.60,280.70,268.8,,
1289,691.80,280.70,268.8,,
1290,692.00,280.70,268.9,,
1291,692.10,280.70,268.9,,
1292,692.20,280.70,269,,
1293,692.30,280.70,269,,
1294,692.30,280.70,269,,
1295,692.30,280.70,269.1,,
1296,692.30,280.80,269.1,,
1297,692.20,280.80,269.2,,
1298,692.00,280.90,269.2,,
1299,691.80,280.90,269.2,,
1300,691.60,281.00,269.3,,
1301,691.40,281.00,269.3,,
1302,691.10,281.10,269.3,,
1303,690.70,281.20,269.4,,
1304,690.40,281.30,269.4,,
1305,690.00,281.40,269.4,,
1306,689.50,281.50,269.5,,
1307,689.00,281.60,269.5,,
1308,688.50,281.70,269.5,,
1309,687.90,281.80,269.6,,
1310,687.30,281.90,269.6,,
1311,686.70,282.10,269.6,,
1312,686.00,282.20,269.6,,
1313,685.30,282.30,269.7,,
1314,684.60,282.40,269.7,,
1315,683.90,282.60,269.7,,
1316,683.20,282.70,269.7,,
1317,682.50,282.80,269.7,,
1318,681.70,282.90,269.7,,
1319,681.00,283.00,269.7,,
1320,680.20,283.10,269.7,,
1321,679.50,283.20,269.8,,
1322,678.70,283.30,269.8,,
1323,678.00,283.40,269.8,,
1324,677.30,283.40,269.8,,
1325,676.60,283.40,269.8,,
1326,676.00,283.50,269.7,,
1327,675.30,283.50,269.7,,
1328,674.70,283.50,269.7,,
1329,674.10,283.40,269.7,,
1330,673.60,283.40,269.7,,
1331,673.00,283.30,269.7,,
1332,672.60,283.20,269.7,,
1333,672.10,283.10,269.6,,
1334,671.80,283.00,269.6,,
1335,671.40,282.80,269.6,,
1336,671.10,282.70,269.6,,
1337,670.80,282.50,269.5,,
1338,670.50,282.30,269.5,,
1339,670.30,282.10,269.4,,
1340,670.00,281.90,269.4,,
1341,669.80,281.70,269.4,,
1342,669.60,281.50,269.3,,
1343,669.50,281.30,269.3,,
1344,669.30,281.10,269.2,,
1345,669.10,280.90,269.2,,
1346,669.00,280.80,269.1,,
1347,668.80,280.60,269.1,,
1348,668.70,280.40,269,,
1349,668.50,280.20,269,,
1350,668.40,280.10,268.9,,
1351,668.20,279.90,268.9,,
1352,668.10,279.80,268.8,,
1353,667.90,279.70,268.7,,
1354,667.80,279.60,268.7,,
1355,667.60,279.50,268.6,,
1356,667.60,279.40,268.6,,
1357,667.50,279.40,268.5,,
1358,667.60,279.30,268.4,,
1359,667.70,279.30,268.4,,
1360,667.80,279.20,268.3,,
1361,668.10,279.20,268.3,,
1362,668.40,279.20,268.2,,
1363,668.70,279.20,268.1,,
1364,669.10,279.20,268.1,,
1365,669.60,279.20,268,,
1366,670.00,279.20,267.9,,
1367,670.50,279.20,267.9,,
1368,671.10,279.20,267.8,,
1369,671.60,279.20,267.7,,
1370,672.20,279.20,267.7,,
1371,672.80,279.30,267.6,,
1372,673.30,279.30,267.5,,
1373,673.90,279.40,267.5,,
1374,674.50,279.40,267.4,,
1375,675.10,279.50,267.4,,
1376,675.60,279.50,267.3,,
1377,676.10,279.60,267.2,,
1378,676.60,279.60,267.2,,
1379,677.00,279.70,267.1,,
1380,677.50,279.70,267.1,,
1381,677.80,279.80,267,,
1382,678.10,279.80,266.9,,
1383,678.40,279.90,266.9,,
1384,678.60,279.90,266.8,,
1385,678.70,280.00,266.8,,
1386,678.70,280.00,266.7,,
1387,678.70,280.10,266.7,,
1388,678.60,280.10,266.6,,
1389,678.40,280.10,266.6,,
1390,678.10,280.20,266.6,,
1391,677.70,280.20,266.5,,
1392,677.20,280.20,266.5,,
1393,676.50,280.30,266.4,,
1394,675.80,280.30,266.4,,
1395,675.10,280.30,266.4,,
1396,674.20,280.30,266.3,,
1397,673.40,280.30,266.3,,
1398,672.50,280.30,266.3,,
1399,671.50,280.30,266.3,,
1400,670.60,280.20,266.2,,
1401,669.70,280.20,266.2,,
1402,668.90,280.20,266.2,,
1403,668.00,280.10,266.2,,
1404,667.30,280.10,266.2,,
1405,666.60,280.00,266.2,,
1406,666.00,280.00,266.2,,
1407,665.50,279.90,266.2,,
1408,665.10,279.80,266.2,,
1409,664.90,279.80,266.2,,
1410,664.80,279.70,266.2,,
1411,664.90,279.60,266.2,,
1412,665.20,279.50,266.2,,
1413,665.60,279.40,266.2,,
1414,666.30,279.20,266.3,,
1415,667.10,279.10,266.3,,
1416,668.00,279.00,266.3,,
1417,669.10,278.90,266.3,,
1418,670.30,278.90,266.4,,
1419,671.50,278.80,266.4,,
1420,672.80,278.80,266.4,,
1421,674.20,278.80,266.5,,
1422,675.60,278.80,266.5,,
1423,677.00,278.90,266.5,,
1424,678.30,279.00,266.6,,
1425,679.70,279.20,266.6,,
1426,680.90,279.40,266.7,,
1427,682.10,279.70,266.7,,
1428,683.20,280.10,266.7,,
1429,684.10,280.50,266.8,,
1430,684.90,280.90,266.8,,
1431,685.60,281.40,266.8,,
1432,686.10,281.80,266.9,,
1433,686.40,282.20,266.9,,
1434,686.60,282.50,266.9,,
1435,686.70,282.70,267,,
1436,686.70,282.80,267,,
1437,686.60,283.00,267,,
1438,686.40,283.00,267,,
1439,686.10,283.00,267.1,,
1440,685.80,283.00,267.1,,
1441,685.40,283.00,267.1,,
1442,685.00,282.90,267.1,,
1443,684.60,282.80,267.1,,
1444,684.10,282.60,267.1,,
1445,683.70,282.50,267.1,,
1446,683.30,282.30,267.1,,
1447,682.90,282.10,267,,
1448,682.60,281.90,267,,
1449,682.30,281.80,267,,
1450,682.10,281.60,267,,
1451,682.00,281.40,266.9,,
1452,682.00,281.30,266.9,,
1453,681.90,281.10,266.8,,
1454,681.90,280.90,266.8,,
1455,681.90,280.80,266.7,,
1456,681.90,280.70,266.7,,
1457,681.80,280.50,266.6,,
1458,681.60,280.40,266.6,,
1459,681.20,280.30,266.5,,
1460,680.80,280.20,266.4,,
1461,680.20,280.10,266.4,,
1462,679.50,280.00,266.3,,
1463,678.60,279.90,266.3,,
1464,677.70,279.80,266.2,,
1465,676.80,279.80,266.2,,
1466,675.80,279.70,266.1,,
1467,674.90,279.70,266.1,,
1468,673.90,279.60,266,,
1469,673.00,279.60,266,,
1470,672.30,279.60,265.9,,
1471,671.60,279.60,265.9,,
1472,671.00,279.60,265.9,,
1473,670.60,279.70,265.9,,
1474,670.30,279.70,265.8,,
1475,670.10,279.70,265.8,,
1476,670.00,279.80,265.8,,
1477,670.00,279.90,265.8,,
1478,670.10,279.90,265.8,,
1479,670.30,280.00,265.8,,
1480,670.70,280.10,265.8,,
1481,671.10,280.20,265.9,,
1482,671.50,280.30,265.9,,
1483,672.10,280.40,265.9,,
1484,672.70,280.50,266,,
1485,673.40,280.60,266,,
1486,674.20,280.70,266.1,,
1487,675.10,280.80,266.2,,
1488,676.00,280.90,266.3,,
1489,676.90,281.00,266.4,,
1490,678.00,281.20,266.5,,
1491,679.00,281.30,266.6,,
1492,680.10,281.40,266.7,,
1493,681.30,281.50,266.8,,
1494,682.50,281.60,267,,
1495,683.70,281.70,267.2,,
1496,684.90,281.80,267.3,,
1497,686.20,282.00,267.5,,
1498,687.50,282.10,267.7,,
1499,688.80,282.20,267.9,,
1500,690.10,282.30,268.2,,
1501,691.50,282.30,268.4,,
1502,692.80,282.40,268.6,,
1503,694.20,282.50,268.9,,
1504,695.50,282.60,269.2,,
1505,696.70,282.60,269.5,,
1506,697.90,282.70,269.8,,
1507,699.00,282.80,270.1,,
1508,699.90,282.80,270.4,,
1509,700.70,282.90,270.7,,
1510,701.30,282.90,270.9,,
1511,701.80,282.90,271.2,,
1512,702.20,283.00,271.5,,
1513,702.40,283.00,271.8,,
1514,702.60,283.00,272,,
1515,702.70,283.10,272.3,,
1516,702.70,283.10,272.5,,
1517,702.60,283.10,272.7,,
1518,702.40,283.10,272.9,,
1519,702.20,283.10,273,,
1520,702.00,283.10,273.2,,
1521,701.70,283.20,273.3,,
1522,701.40,283.20,273.3,,
1523,701.10,283.20,273.4,,
1524,700.80,283.20,273.4,,
1525,700.50,283.20,273.3,,
1526,700.20,283.20,273.3,,
1527,699.90,283.20,273.1,,
1528,699.70,283.20,273,,
1529,699.50,283.20,272.8,,
1530,699.30,283.20,272.5,,
1531,699.20,283.20,272.2,,
1532,699.20,283.20,271.8,,
1533,699.20,283.20,271.5,,
1534,699.30,283.20,271.1,,
1535,699.40,283.20,270.8,,
1536,699.50,283.20,270.6,,
1537,699.60,283.20,270.3,,
1538,699.80,283.20,270.2,,
1539,699.90,283.20,270,,
1540,700.10,283.20,269.9,,
1541,700.30,283.20,269.9,,
1542,700.50,283.20,269.8,,
1543,700.80,283.10,269.8,,
1544,701.10,283.10,269.8,,
1545,701.50,283.10,269.9,,
1546,701.90,283.00,269.9,,
1547,702.50,283.00,269.9,,
1548,703.10,282.90,270,,
1549,703.80,282.80,270,,
1550,704.60,282.70,270.1,,
1551,705.60,282.60,270.1,,
1552,706.60,282.50,270.1,,
1553,707.70,282.40,270.2,,
1554,708.70,282.30,270.2,,
1555,709.80,282.20,270.2,,
1556,710.70,282.10,270.2,,
1557,711.50,282.00,270.2,,
1558,712.00,281.90,270.1,,
1559,712.30,281.80,270.1,,
1560,712.30,281.80,270.1,,
1561,711.90,281.70,270.1,,
1562,711.20,281.70,270.1,,
1563,710.00,281.60,270,,
1564,708.50,281.60,270,,
1565,706.70,281.60,270,,
1566,704.60,281.60,269.9,,
1567,702.40,281.70,269.9,,
1568,700.00,281.70,269.8,,
1569,697.60,281.70,269.8,,
1570,695.10,281.80,269.8,,
1571,692.70,281.80,269.7,,
1572,690.30,281.90,269.7,,
1573,688.10,281.90,269.6,,
1574,686.10,282.00,269.5,,
1575,684.30,282.10,269.5,,
1576,682.70,282.10,269.4,,
1577,681.30,282.20,269.4,,
1578,680.10,282.20,269.3,,
1579,679.00,282.20,269.3,,
1580,678.10,282.20,269.2,,
1581,677.20,282.20,269.1,,
1582,676.40,282.10,269,,
1583,675.70,282.00,269,,
1584,675.00,281.80,268.9,,
1585,674.30,281.60,268.8,,
1586,673.50,281.40,268.7,,
1587,672.70,281.00,268.7,,
1588,671.80,280.70,268.6,,
1589,670.80,280.20,268.5,,
1590,669.70,279.70,268.4,,
1591,668.50,279.20,268.3,,
1592,667.40,278.70,268.2,,
1593,666.50,278.20,268.1,,
1594,665.70,277.80,268,,
1595,665.20,277.40,267.9,,
1596,664.80,276.90,267.8,,
1597,664.60,276.60,267.7,,
1598,664.60,276.20,267.6,,
1599,664.70,275.80,267.5,,
1600,665.10,275.40,267.4,,
1601,665.60,275.00,267.2,,
1602,666.30,274.70,267.1,,
1603,667.10,274.30,267,,
1604,668.20,273.90,266.9,,
1605,669.40,273.60,266.8,,
1606,670.70,273.20,266.7,,
1607,672.20,272.90,266.6,,
1608,673.60,272.50,266.5,,
1609,675.00,272.30,266.3,,
1610,676.30,272.00,266.2,,
1611,677.40,271.80,266.1,,
1612,678.30,271.70,266,,
1613,679.00,271.60,265.9,,
1614,679.50,271.60,265.8,,
1615,679.80,271.60,265.7,,
1616,679.90,271.70,265.7,,
1617,680.00,271.80,265.6,,
1618,680.00,271.90,265.5,,
1619,680.00,272.10,265.4,,
1620,680.00,272.30,265.3,,
1621,680.00,272.50,265.2,,
1622,680.00,272.70,265.2,,
1623,680.20,272.90,265.1,,
1624,680.50,273.20,265,,
1625,680.90,273.40,265,,
1626,681.40,273.70,264.9,,
1627,682.10,274.00,264.8,,
1628,682.80,274.20,264.8,,
1629,683.50,274.50,264.7,,
1630,684.20,274.70,264.7,,
1631,684.90,275.00,264.7,,
1632,685.60,275.20,264.6,,
1633,686.20,275.40,264.6,,
1634,686.60,275.60,264.6,,
1635,687.00,275.80,264.5,,
1636,687.30,276.00,264.5,,
1637,687.40,276.20,264.5,,
1638,687.40,276.30,264.5,,
1639,687.10,276.40,264.5,,
1640,686.70,276.60,264.5,,
1641,686.10,276.70,264.5,,
1642,685.30,276.80,264.5,,
1643,684.20,276.90,264.6,,
1644,683.10,277.00,264.6,,
1645,681.80,277.00,264.6,,
1646,680.50,277.10,264.7,,
1647,679.20,277.10,264.7,,
1648,677.90,277.20,264.8,,
1649,676.70,277.20,264.8,,
1650,675.70,277.20,264.9,,
1651,674.90,277.20,265,,
1652,674.20,277.20,265,,
1653,673.70,277.20,265.1,,
1654,673.40,277.20,265.2,,
1655,673.30,277.10,265.3,,
1656,673.30,277.10,265.4,,
1657,673.50,277.00,265.5,,
1658,673.70,277.00,265.6,,
1659,674.10,276.90,265.8,,
1660,674.70,276.90,265.9,,
1661,675.30,276.80,266,,
1662,676.00,276.80,266.2,,
1663,676.80,276.70,266.4,,
1664,677.60,276.60,266.5,,
1665,678.60,276.60,266.7,,
1666,679.50,276.50,266.9,,
1667,680.60,276.40,267.1,,
1668,681.60,276.40,267.3,,
1669,682.70,276.30,267.5,,
1670,683.80,276.20,267.7,,
1671,684.80,276.20,267.9,,
1672,685.90,276.10,268.1,,
1673,686.90,276.10,268.3,,
1674,687.90,276.00,268.5,,
1675,688.70,276.00,268.8,,
1676,689.50,276.00,269,,
1677,690.30,275.90,269.2,,
1678,690.80,275.90,269.4,,
1679,691.30,275.90,269.6,,
1680,691.60,275.90,269.8,,
1681,691.80,275.90,269.9,,
1682,691.80,275.90,270.1,,
1683,691.50,276.00,270.3,,
1684,691.10,276.00,270.4,,
1685,690.50,276.00,270.5,,
1686,689.80,276.10,270.6,,
1687,688.80,276.10,270.7,,
1688,687.70,276.20,270.8,,
1689,686.40,276.30,270.9,,
1690,685.00,276.30,271,,
1691,683.50,276.40,271.1,,
1692,681.90,276.40,271.1,,
1693,680.20,276.40,271.2,,
1694,678.50,276.50,271.2,,
1695,676.80,276.50,271.2,,
1696,675.20,276.50,271.2,,
1697,673.60,276.60,271.2,,
1698,672.00,276.60,271.3,,
1699,670.60,276.60,271.2,,
1700,669.20,276.60,271.2,,
1701,667.90,276.60,271.2,,
1702,666.70,276.60,271.2,,
1703,665.60,276.60,271.2,,
1704,664.60,276.60,271.1,,
1705,663.70,276.60,271.1,,
1706,662.90,276.60,271,,
1707,662.30,276.60,271,,
1708,661.70,276.60,270.9,,
1709,661.30,276.60,270.9,,
1710,661.00,276.60,270.8,,
1711,660.90,276.60,270.7,,
1712,660.90,276.60,270.7,,
1713,661.10,276.60,270.6,,
1714,661.40,276.70,270.5,,
1715,661.90,276.70,270.4,,
1716,662.50,276.70,270.4,,
1717,663.40,276.80,270.3,,
1718,664.40,276.80,270.2,,
1719,665.60,276.90,270.1,,
1720,667.00,277.00,270,,
1721,668.60,277.10,270,,
1722,670.40,277.20,269.9,,
1723,672.40,277.30,269.8,,
1724,674.60,277.40,269.7,,
1725,677.00,277.50,269.6,,
1726,679.60,277.60,269.6,,
1727,682.30,277.70,269.5,,
1728,685.10,277.80,269.4,,
1729,687.90,277.90,269.4,,
1730,690.60,278.00,269.3,,
1731,693.30,278.10,269.3,,
1732,695.80,278.10,269.2,,
1733,698.20,278.10,269.2,,
1734,700.30,278.00,269.2,,
1735,702.20,278.00,269.2,,
1736,703.70,277.80,269.2,,
1737,704.90,277.70,269.2,,
1738,705.70,277.50,269.2,,
1739,706.30,277.40,269.3,,
1740,706.50,277.20,269.4,,
1741,706.40,277.10,269.4,,
1742,706.00,277.00,269.5,,
1743,705.30,276.90,269.7,,
1744,704.30,276.80,269.8,,
1745,703.10,276.80,270,,
1746,701.70,276.80,270.2,,
1747,700.20,276.80,270.4,,
1748,698.90,276.80,270.6,,
1749,697.70,276.80,270.9,,
1750,696.80,276.80,271.2,,
1751,696.40,276.80,271.5,,
1752,696.20,276.80,271.8,,
1753,696.30,276.80,272.2,,
1754,696.50,276.70,272.5,,
1755,696.80,276.70,272.8,,
1756,697.20,276.60,273.1,,
1757,697.70,276.60,273.4,,
1758,698.40,276.60,273.7,,
1759,699.10,276.50,273.9,,
1760,700.00,276.50,274.1,,
1761,701.00,276.50,274.2,,
1762,702.10,276.50,274.3,,
1763,703.30,276.50,274.3,,
1764,704.70,276.60,274.2,,
1765,706.30,276.60,274.2,,
1766,707.80,276.70,274.1,,
1767,709.50,276.90,274,,
1768,711.10,277.00,273.9,,
1769,712.60,277.10,273.8,,
1770,714.10,277.30,273.7,,
1771,715.40,277.40,273.6,,
1772,716.60,277.60,273.5,,
1773,717.50,277.70,273.3,,
1774,718.20,277.80,273.2,,
1775,718.60,278.00,273.1,,
1776,718.70,278.10,272.9,,
1777,718.60,278.10,272.8,,
1778,718.40,278.20,272.7,,
1779,718.20,278.20,272.5,,
1780,718.20,278.20,272.4,,
1781,718.30,278.10,272.3,,
1782,718.70,278.20,272.2,,
1783,719.10,278.30,272.1,,
1784,719.60,278.40,272,,
1785,719.80,278.60,271.9,,
1786,719.80,278.90,271.8,,
1787,719.60,279.10,271.8,,
1788,719.20,279.40,271.8,,
1789,718.80,279.70,271.8,,
1790,718.30,280.00,271.8,,
1791,717.90,280.30,271.8,,
1792,717.70,280.60,271.8,,
1793,717.60,280.90,271.9,,
1794,717.90,281.20,272,,
1795,718.40,281.40,272.1,,
1796,719.40,281.70,272.2,,
1797,720.70,281.90,272.4,,
1798,722.60,282.10,272.5,,
1799,724.60,282.40,272.5,,
1800,726.60,282.60,272.6,,
1801,728.50,282.80,272.5,,
1802,730.00,283.00,272.5,,
1803,731.30,283.20,272.4,,
1804,732.30,283.40,272.2,,
1805,733.20,283.60,272.1,,
1806,733.80,283.70,271.9,,
1807,734.40,283.90,271.8,,
1808,734.80,284.00,271.6,,
1809,735.00,284.10,271.5,,
1810,735.30,284.20,271.4,,
1811,735.40,284.20,271.3,,
1812,735.60,284.20,271.3,,
1813,735.80,284.20,271.3,,
1814,735.90,284.20,271.4,,
1815,736.20,284.10,271.5,,
1816,736.60,283.90,271.7,,
1817,737.00,283.80,272,,
1818,737.60,283.60,272.3,,
1819,738.40,283.50,272.5,,
1820,739.50,283.30,272.9,,
1821,740.80,283.20,273.2,,
1822,742.30,283.10,273.4,,
1823,744.10,283.00,273.7,,
1824,746.00,283.00,273.9,,
1825,747.90,283.10,274.1,,
1826,749.70,283.20,274.2,,
1827,751.40,283.40,274.2,,
1828,752.70,283.60,274.1,,
1829,753.80,283.70,274,,
1830,754.70,283.90,273.7,,
1831,755.40,284.00,273.3,,
1832,756.00,284.00,272.8,,
1833,756.70,284.00,272.1,,
1834,757.60,284.00,271.2,,
1835,758.80,283.90,270.4,,
1836,760.10,283.90,269.7,,
1837,761.50,283.90,269.4,,
1838,762.90,283.90,269.3,,
1839,764.40,283.90,269.4,,
1840,765.90,284.00,269.6,,
1841,767.50,284.30,269.8,,
1842,769.20,284.60,270,,
1843,771.10,285.10,270.2,,
1844,773.00,285.50,270.3,,
1845,774.90,285.90,270.3,,
1846,776.70,286.20,270.4,,
1847,778.40,286.50,270.4,,
1848,780.20,286.60,270.4,,
1849,782.20,286.80,270.4,,
1850,783.80,286.80,270.4,,
1851,784.30,286.80,270.4,,
1852,784.00,286.80,270.4,,
1853,783.30,286.70,270.4,,
1854,782.60,286.50,270.5,,
1855,782.10,286.40,270.6,,
1856,781.90,286.20,270.8,,
1857,782.30,286.20,271,,
1858,783.10,286.20,271.2,,
1859,784.50,286.20,271.5,,
1860,786.20,286.10,271.7,,
1861,788.20,286.10,271.9,,
1862,790.50,286.10,272,,
1863,792.90,286.10,272.1,,
1864,795.50,286.10,272.2,,
1865,798.00,286.30,272.3,,
1866,800.10,286.50,272.4,,
1867,802.00,286.80,272.5,,
1868,803.80,287.10,272.6,,
1869,805.70,287.50,272.8,,
1870,807.60,287.90,273,,
1871,809.80,288.30,273.3,,
1872,812.10,288.80,273.6,,
1873,814.40,289.10,274,,
1874,816.60,289.40,274.3,,
1875,818.60,289.50,274.7,,
1876,820.30,289.50,275,,
1877,821.90,289.60,275.3,,
1878,823.30,289.60,275.5,,
1879,824.90,289.60,275.7,,
1880,826.50,289.80,275.8,,-0.16
1881,828.30,289.90,276,,-0.08
1882,830.20,290.10,276.2,,-0.1
1883,832.10,290.30,276.4,,-0.16
1884,834.00,290.60,276.8,,-0.28
1885,835.80,290.90,277.2,,-0.32
1886,837.30,291.30,277.5,,-0.3
1887,838.40,291.80,277.9,,-0.35
1888,839.40,292.20,278.1,,-0.16
1889,840.50,292.60,278.2,,-0.1
1890,841.70,293.00,278.3,,-0.35
1891,843.00,293.60,278.3,,-0.22
1892,844.50,294.10,278.2,,-0.27
1893,846.20,294.60,278.1,,-0.31
1894,848.40,295.10,278,,-0.3
1895,850.80,295.50,277.8,,-0.22
1896,853.20,295.90,277.5,,-0.11
1897,855.70,296.00,277.3,,-0.11
1898,858.60,296.00,277.1,,-0.26
1899,861.70,296.00,277.1,,-0.17
1900,865.00,296.10,277.2,,-0.08
1901,868.40,296.20,277.4,,-0.15
1902,872.10,296.40,277.8,,-0.28
1903,876.20,296.70,278.3,,-0.37
1904,880.60,297.00,278.8,,-0.47
1905,885.50,297.40,279.3,,-0.26
1906,890.80,297.90,279.6,,-0.22
1907,896.40,298.30,280,,-0.39
1908,902.30,298.70,280.2,,-0.43
1909,907.80,299.10,280.5,,-0.48
1910,912.50,299.30,280.8,,-0.43
1911,915.70,299.50,281.1,,-0.44
1912,918.10,299.80,281.4,,-0.36
1913,920.10,300.20,281.8,,-0.34
1914,922.60,300.60,282.2,,-0.15
1915,925.90,301.10,282.7,,-0.14
1916,930.40,301.60,283.2,,-0.36
1917,936.20,302.10,283.8,,-0.46
1918,942.90,302.60,284.4,,-0.29
1919,950.10,303.00,284.9,,-0.27
1920,957.30,303.40,285.2,,-0.27
1921,964.10,303.70,285.3,,-0.19
1922,970.60,303.90,285.2,,-0.28
1923,976.60,304.10,285,,-0.26
1924,982.20,304.40,284.6,,-0.27
1925,987.40,304.70,284.2,,-0.22
1926,992.10,305.00,283.9,,-0.1
1927,996.80,305.40,283.9,,-0.22
1928,1001.50,305.80,284.2,,-0.2
1929,1006.40,306.20,284.6,,-0.36
1930,1011.20,306.60,285,,-0.16
1931,1015.90,307.00,285.4,,-0.1
1932,1020.60,307.30,285.8,,-0.16
1933,1025.40,307.60,286.1,,-0.29
1934,1030.70,308.00,286.5,,-0.13
1935,1036.40,308.40,286.8,,-0.2
1936,1042.20,308.70,286.9,,-0.15
1937,1047.90,309.20,286.8,,-0.03
1938,1053.20,309.60,286.9,,-0.01
1939,1058.20,310.10,287.3,,-0.02
1940,1062.80,310.50,287.7,,0.13
1941,1066.90,310.80,288.1,,0.19
1942,1070.50,311.00,288.3,,0.07
1943,1073.50,311.00,288.2,,0.09
1944,1076.00,311.00,288,,0.2
1945,1078.60,310.90,287.9,,0.09
1946,1082.00,310.80,287.8,,-0.07
1947,1086.20,310.80,287.9,,-0.03
1948,1091.30,310.90,287.9,,-0.11
1949,1097.20,311.00,287.9,,-0.11
1950,1103.80,311.20,287.7,,-0.17
1951,1111.20,311.50,287.6,,-0.07
1952,1119.60,311.80,287.7,,0.01
1953,1128.80,312.20,288,,0.08
1954,1139.00,312.80,288.7,,-0.13
1955,1150.10,313.50,289.6,,-0.14
1956,1161.90,314.10,290.6,,-0.19
1957,1173.20,314.70,291.4,,0.05
1958,1183.70,315.20,291.9,,0.06
1959,1194.40,315.70,292.2,,0.03
1960,1205.50,316.10,292.3,,-0.02
1961,1217.10,316.70,292.4,,0.06
1962,1229.10,317.20,292.5,,0.04
1963,1241.40,317.80,292.6,,0.05
1964,1253.60,318.40,292.7,,-0.2
1965,1265.50,319.10,292.7,,-0.11
1966,1277.90,319.90,292.8,,-0.06
1967,1291.70,320.80,293.1,,-0.02
1968,1307.20,321.80,293.6,,-0.08
1969,1323.90,322.80,294.3,,0.05
1970,1341.20,323.90,295.2,,0.02
1971,1358.40,325.00,296.2,,-0.08
1972,1375.20,326.10,297,,0.01
1973,1391.60,327.30,297.7,,0.16
1974,1407.30,328.50,298.4,,-0.07
1975,1422.40,329.60,299.1,,-0.01
1976,1437.20,330.80,299.9,,-0.1
1977,1451.70,332.00,300.7,,0.18
1978,1466.00,333.20,301.5,,0.07
1979,1480.30,334.50,302.1,,0.16
1980,1495.30,338.80,302.6,152.25,0.26
1981,1511.40,339.99,303,145.31,0.32
1982,1528.10,340.76,303.4,134.51,0.14
1983,1544.60,342.44,303.7,145.05,0.31
1984,1644.65,343.99,304.1,135.07,0.15
1985,1657.21,345.47,304.5,137.21,0.11
1986,1670.07,346.87,305.1,135.14,0.18
1987,1682.66,348.62,305.7,128.82,0.32
1988,1693.16,351.15,306.3,132.56,0.38
1989,1704.55,352.79,307,130.17,0.27
1990,1714.42,353.98,307.7,114.43,0.45
1991,1724.89,355.29,308.4,109.14,0.4
1992,1735.39,355.99,309.1,106.26,0.22
1993,1736.44,356.71,309.8,98.23,0.23
1994,1742.05,358.20,310.5,99.20,0.32
1995,1748.80,360.04,311.2,85.99,0.45
1996,1751.46,361.79,312,81.43,0.33
1997,1754.51,362.90,312.8,86.70,0.47
1998,1765.54,365.54,313.7,84.70,0.61
1999,1772.41,367.64,314.6,86.67,0.39
2000,1773.21,368.84,315.4,77.12,0.39
2001,1771.25,370.41,316.36,81.08,0.54
2002,1772.75,372.42,316.94,72.66,0.63
2003,1777.36,374.96,317.62,76.29,0.62
2004,1777.01,376.80,318.25,70.00,0.54
2005,1774.14,378.81,318.92,72.29,0.68
2006,1774.99,380.94,319.82,64.07,0.64
2007,1781.40,382.68,320.45,60.27,0.66
2008,1787.01,384.78,321.5,51.33,0.54
2009,1793.52,386.29,322.27,45.00,0.66
2010,1798.88,388.57,323.19,39.21,0.72
2011,1803.16,390.45,324.21,32.59,0.61
2012,1808.03,392.46,325.05,30.31,0.64
2013,1813.42,395.19,325.94,26.50,0.68
2014,1822.58,397.12,327.09,26.31,0.75
2015,1834.22,399.41,328.18,22.11,0.9
2016,1843.18,402.86,328.95,15.47,1.02
2017,1849.65,405.00,329.74,13.98,0.92
2018,1857.33,407.38,330.9,13.78,0.85
2019,1866.56,409.83,331.89,,0.98
