Year (AD),CH4 (ppb),CO2 (ppm),N2O (ppb),SO2 (ppb),Global Land and Ocean Temperature Anomalies (Celsius),Smoothed temperature anomalies
1,647.6,276.7,264.2,,,
2,647.1,276.8,264.1,,,
3,646.5,276.8,264.1,,,
4,646.0,276.9,264.0,,,
5,645.5,276.9,264.0,,,
6,645.0,277.0,263.9,,,
7,644.5,277.1,263.8,,,
8,644.0,277.1,263.8,,,
9,643.4,277.2,263.7,,,
10,642.9,277.2,263.7,,,
11,642.4,277.3,263.6,,,
12,641.9,277.3,263.6,,,
13,641.4,277.4,263.5,,,
14,641.0,277.4,263.5,,,
15,640.5,277.5,263.4,,,
16,640.0,277.5,263.4,,,
17,639.5,277.6,263.4,,,
18,639.0,277.6,263.3,,,
19,638.6,277.6,263.3,,,
20,638.1,277.7,263.2,,,
21,637.7,277.7,263.2,,,
22,637.2,277.7,263.2,,,
23,636.8,277.8,263.2,,,
24,636.4,277.8,263.1,,,
25,636.0,277.8,263.1,,,
26,635.6,277.9,263.1,,,
27,635.2,277.9,263.1,,,
28,634.8,277.9,263.1,,,
29,634.4,277.9,263.1,,,
30,634.1,277.9,263.1,,,
31,633.7,277.9,263.1,,,
32,633.4,277.9,263.1,,,
33,633.1,277.9,263.1,,,
34,632.8,277.9,263.2,,,
35,632.5,277.9,263.2,,,
36,632.2,277.9,263.2,,,
37,631.9,277.9,263.2,,,
38,631.6,277.8,263.3,,,
39,631.4,277.8,263.3,,,
40,631.1,277.8,263.3,,,
41,630.9,277.8,263.4,,,
42,630.7,277.8,263.4,,,
43,630.5,277.7,263.5,,,
44,630.2,277.7,263.5,,,
45,630.0,277.7,263.6,,,
46,629.9,277.7,263.6,,,
47,629.7,277.6,263.7,,,
48,629.5,277.6,263.7,,,
49,629.4,277.6,263.8,,,
50,629.2,277.5,263.8,,,
51,629.1,277.5,263.9,,,
52,628.9,277.5,264.0,,,
53,628.8,277.5,264.0,,,
54,628.7,277.4,264.1,,,
55,628.6,277.4,264.1,,,
56,628.5,277.4,264.2,,,
57,628.4,277.4,264.3,,,
58,628.3,277.4,264.3,,,
59,628.2,277.3,264.4,,,
60,628.2,277.3,264.4,,,
61,628.1,277.3,264.5,,,
62,628.1,277.3,264.5,,,
63,628.0,277.3,264.6,,,
64,628.0,277.3,264.7,,,
65,627.9,277.3,264.7,,,
66,627.9,277.3,264.8,,,
67,627.9,277.3,264.8,,,
68,627.9,277.3,264.9,,,
69,627.9,277.3,264.9,,,
70,627.9,277.3,265.0,,,
71,627.9,277.3,265.0,,,
72,627.9,277.2,265.1,,,
73,627.9,277.3,265.1,,,
74,628.0,277.3,265.2,,,
75,628.0,277.3,265.2,,,
76,628.0,277.3,265.3,,,
77,628.1,277.3,265.3,,,
78,628.1,277.3,265.4,,,
79,628.2,277.3,265.4,,,
80,628.3,277.3,265.5,,,
81,628.4,277.3,265.5,,,
82,628.4,277.3,265.6,,,
83,628.5,277.3,265.6,,,
84,628.6,277.3,265.6,,,
85,628.7,277.3,265.7,,,
86,628.8,277.3,265.7,,,
87,628.9,277.3,265.8,,,
88,629.1,277.3,265.8,,,
89,629.2,277.3,265.8,,,
90,629.3,277.4,265.9,,,
91,629.4,277.4,265.9,,,
92,629.6,277.4,265.9,,,
93,629.7,277.4,266.0,,,
94,629.9,277.4,266.0,,,
95,630.0,277.4,266.0,,,
96,630.2,277.4,266.1,,,
97,630.4,277.4,266.1,,,
98,630.5,277.4,266.1,,,
99,630.7,277.4,266.2,,,
100,630.9,277.5,266.2,,,
101,631.1,277.5,266.2,,,
102,631.3,277.5,266.2,,,
103,631.5,277.5,266.3,,,
104,631.7,277.5,266.3,,,
105,631.9,277.5,266.3,,,
106,632.1,277.5,266.3,,,
107,632.3,277.5,266.3,,,
108,632.6,277.5,266.3,,,
109,632.8,277.5,266.4,,,
110,633.0,277.5,266.4,,,
111,633.2,277.5,266.4,,,
112,633.5,277.6,266.4,,,
113,633.7,277.6,266.4,,,
114,634.0,277.6,266.4,,,
115,634.2,277.6,266.4,,,
116,634.4,277.6,266.4,,,
117,634.7,277.6,266.4,,,
118,634.9,277.6,266.4,,,
119,635.1,277.6,266.4,,,
120,635.4,277.6,266.4,,,
121,635.6,277.7,266.4,,,
122,635.9,277.7,266.4,,,
123,636.1,277.7,266.4,,,
124,636.3,277.7,266.4,,,
125,636.5,277.7,266.4,,,
126,636.8,277.8,266.3,,,
127,637.0,277.8,266.3,,,
128,637.2,277.8,266.3,,,
129,637.4,277.8,266.3,,,
130,637.6,277.9,266.3,,,
131,637.8,277.9,266.2,,,
132,638.0,277.9,266.2,,,
133,638.1,278.0,266.2,,,
134,638.3,278.0,266.2,,,
135,638.5,278.1,266.1,,,
136,638.6,278.1,266.1,,,
137,638.8,278.2,266.1,,,
138,638.9,278.2,266.0,,,
139,639.1,278.3,266.0,,,
140,639.2,278.3,265.9,,,
141,639.3,278.4,265.9,,,
142,639.4,278.4,265.9,,,
143,639.5,278.5,265.8,,,
144,639.6,278.6,265.8,,,
145,639.7,278.6,265.7,,,
146,639.7,278.7,265.7,,,
147,639.8,278.8,265.6,,,
148,639.9,278.8,265.6,,,
149,639.9,278.9,265.6,,,
150,640.0,279.0,265.5,,,
151,640.1,279.0,265.5,,,
152,640.1,279.1,265.4,,,
153,640.2,279.2,265.4,,,
154,640.2,279.3,265.4,,,
155,640.2,279.3,265.3,,,
156,640.3,279.4,265.3,,,
157,640.3,279.5,265.3,,,
158,640.4,279.5,265.2,,,
159,640.4,279.6,265.2,,,
160,640.5,279.7,265.2,,,
161,640.5,279.7,265.2,,,
162,640.5,279.8,265.1,,,
163,640.6,279.8,265.1,,,
164,640.6,279.9,265.1,,,
165,640.7,279.9,265.1,,,
166,640.7,280.0,265.1,,,
167,640.8,280.0,265.1,,,
168,640.8,280.1,265.1,,,
169,640.9,280.1,265.1,,,
170,641.0,280.2,265.1,,,
171,641.0,280.2,265.1,,,
172,641.1,280.2,265.2,,,
173,641.2,280.3,265.2,,,
174,641.3,280.3,265.2,,,
175,641.4,280.3,265.3,,,
176,641.4,280.3,265.3,,,
177,641.5,280.4,265.3,,,
178,641.6,280.4,265.4,,,
179,641.7,280.4,265.4,,,
180,641.7,280.4,265.5,,,
181,641.8,280.4,265.5,,,
182,641.9,280.4,265.6,,,
183,641.9,280.4,265.6,,,
184,642.0,280.5,265.7,,,
185,642.0,280.5,265.8,,,
186,642.1,280.5,265.8,,,
187,642.1,280.5,265.9,,,
188,642.1,280.5,266.0,,,
189,642.1,280.5,266.0,,,
190,642.1,280.5,266.1,,,
191,642.1,280.5,266.2,,,
192,642.1,280.5,266.3,,,
193,642.1,280.5,266.3,,,
194,642.0,280.6,266.4,,,
195,642.0,280.6,266.5,,,
196,641.9,280.6,266.6,,,
197,641.8,280.6,266.6,,,
198,641.7,280.6,266.7,,,
199,641.6,280.6,266.8,,,
200,641.4,280.6,266.9,,,
201,641.3,280.7,266.9,,,
202,641.1,280.7,267.0,,,
203,640.9,280.7,267.1,,,
204,640.6,280.7,267.2,,,
205,640.4,280.8,267.2,,,
206,640.1,280.8,267.3,,,
207,639.9,280.8,267.4,,,
208,639.6,280.9,267.4,,,
209,639.2,280.9,267.5,,,
210,638.9,281.0,267.6,,,
211,638.6,281.0,267.6,,,
212,638.2,281.0,267.7,,,
213,637.9,281.1,267.8,,,
214,637.5,281.1,267.8,,,
215,637.1,281.1,267.9,,,
216,636.8,281.2,267.9,,,
217,636.4,281.2,268.0,,,
218,636.0,281.3,268.0,,,
219,635.6,281.3,268.1,,,
220,635.2,281.3,268.1,,,
221,634.8,281.4,268.2,,,
222,634.4,281.4,268.2,,,
223,634.1,281.4,268.2,,,
224,633.7,281.4,268.2,,,
225,633.3,281.5,268.3,,,
226,633.0,281.5,268.3,,,
227,632.6,281.5,268.3,,,
228,632.3,281.5,268.3,,,
229,632.0,281.5,268.3,,,
230,631.7,281.5,268.3,,,
231,631.4,281.5,268.3,,,
232,631.1,281.5,268.3,,,
233,630.9,281.5,268.3,,,
234,630.6,281.5,268.3,,,
235,630.4,281.5,268.2,,,
236,630.2,281.5,268.2,,,
237,629.9,281.4,268.2,,,
238,629.7,281.4,268.1,,,
239,629.6,281.4,268.1,,,
240,629.4,281.4,268.1,,,
241,629.2,281.4,268.0,,,
242,629.1,281.3,268.0,,,
243,628.9,281.3,267.9,,,
244,628.8,281.3,267.9,,,
245,628.6,281.2,267.8,,,
246,628.5,281.2,267.7,,,
247,628.4,281.2,267.7,,,
248,628.3,281.1,267.6,,,
249,628.2,281.1,267.5,,,
250,628.1,281.0,267.5,,,
251,628.0,281.0,267.4,,,
252,627.9,281.0,267.3,,,
253,627.9,280.9,267.2,,,
254,627.8,280.9,267.1,,,
255,627.7,280.8,267.1,,,
256,627.7,280.8,267.0,,,
257,627.6,280.7,266.9,,,
258,627.6,280.7,266.8,,,
259,627.5,280.7,266.7,,,
260,627.5,280.6,266.6,,,
261,627.4,280.6,266.5,,,
262,627.4,280.5,266.4,,,
263,627.3,280.5,266.3,,,
264,627.3,280.4,266.2,,,
265,627.3,280.4,266.1,,,
266,627.2,280.4,266.0,,,
267,627.2,280.3,265.9,,,
268,627.2,280.3,265.8,,,
269,627.1,280.3,265.7,,,
270,627.1,280.2,265.6,,,
271,627.1,280.2,265.5,,,
272,627.0,280.2,265.4,,,
273,627.0,280.1,265.3,,,
274,626.9,280.1,265.1,,,
275,626.9,280.1,265.0,,,
276,626.9,280.1,264.9,,,
277,626.8,280.0,264.8,,,
278,626.8,280.0,264.7,,,
279,626.7,280.0,264.6,,,
280,626.6,280.0,264.5,,,
281,626.6,280.0,264.4,,,
282,626.5,280.0,264.3,,,
283,626.4,280.0,264.2,,,
284,626.4,279.9,264.1,,,
285,626.3,279.9,263.9,,,
286,626.2,279.9,263.8,,,
287,626.1,279.9,263.7,,,
288,626.0,279.9,263.6,,,
289,625.9,279.9,263.5,,,
290,625.8,279.9,263.4,,,
291,625.7,279.9,263.3,,,
292,625.6,279.9,263.2,,,
293,625.5,279.9,263.1,,,
294,625.4,279.9,263.0,,,
295,625.3,279.9,262.9,,,
296,625.2,279.9,262.8,,,
297,625.0,279.9,262.8,,,
298,624.9,279.8,262.7,,,
299,624.8,279.8,262.6,,,
300,624.6,279.8,262.5,,,
301,624.5,279.8,262.4,,,
302,624.3,279.8,262.3,,,
303,624.1,279.8,262.2,,,
304,624.0,279.8,262.2,,,
305,623.8,279.8,262.1,,,
306,623.6,279.7,262.0,,,
307,623.4,279.7,262.0,,,
308,623.3,279.7,261.9,,,
309,623.1,279.7,261.8,,,
310,622.9,279.6,261.8,,,
311,622.7,279.6,261.7,,,
312,622.5,279.6,261.7,,,
313,622.3,279.6,261.6,,,
314,622.1,279.5,261.6,,,
315,621.9,279.5,261.5,,,
316,621.7,279.5,261.5,,,
317,621.5,279.4,261.5,,,
318,621.4,279.4,261.4,,,
319,621.2,279.4,261.4,,,
320,621.0,279.3,261.4,,,
321,620.8,279.3,261.4,,,
322,620.6,279.2,261.4,,,
323,620.5,279.2,261.3,,,
324,620.3,279.1,261.3,,,
325,620.1,279.1,261.3,,,
326,620.0,279.1,261.3,,,
327,619.8,279.0,261.4,,,
328,619.7,279.0,261.4,,,
329,619.6,278.9,261.4,,,
330,619.4,278.9,261.4,,,
331,619.3,278.8,261.5,,,
332,619.2,278.8,261.5,,,
333,619.1,278.7,261.5,,,
334,619.0,278.6,261.6,,,
335,618.9,278.6,261.6,,,
336,618.9,278.5,261.7,,,
337,618.8,278.5,261.7,,,
338,618.8,278.4,261.8,,,
339,618.7,278.4,261.9,,,
340,618.7,278.3,261.9,,,
341,618.7,278.2,262.0,,,
342,618.6,278.2,262.1,,,
343,618.6,278.1,262.2,,,
344,618.6,278.1,262.2,,,
345,618.7,278.0,262.3,,,
346,618.7,277.9,262.4,,,
347,618.7,277.9,262.5,,,
348,618.7,277.8,262.5,,,
349,618.8,277.8,262.6,,,
350,618.8,277.7,262.7,,,
351,618.9,277.6,262.8,,,
352,619.0,277.6,262.9,,,
353,619.0,277.5,263.0,,,
354,619.1,277.5,263.0,,,
355,619.2,277.4,263.1,,,
356,619.3,277.4,263.2,,,
357,619.5,277.3,263.3,,,
358,619.6,277.3,263.4,,,
359,619.7,277.2,263.4,,,
360,619.9,277.2,263.5,,,
361,620.0,277.1,263.6,,,
362,620.2,277.1,263.6,,,
363,620.3,277.1,263.7,,,
364,620.5,277.0,263.8,,,
365,620.7,277.0,263.8,,,
366,620.9,277.0,263.9,,,
367,621.1,276.9,263.9,,,
368,621.3,276.9,264.0,,,
369,621.5,276.9,264.0,,,
370,621.7,276.8,264.1,,,
371,622.0,276.8,264.1,,,
372,622.2,276.8,264.1,,,
373,622.5,276.8,264.2,,,
374,622.7,276.7,264.2,,,
375,623.0,276.7,264.2,,,
376,623.2,276.7,264.2,,,
377,623.5,276.7,264.3,,,
378,623.8,276.7,264.3,,,
379,624.0,276.7,264.3,,,
380,624.3,276.7,264.3,,,
381,624.6,276.7,264.3,,,
382,624.9,276.6,264.3,,,
383,625.2,276.6,264.3,,,
384,625.5,276.6,264.3,,,
385,625.8,276.6,264.3,,,
386,626.1,276.6,264.3,,,
387,626.4,276.6,264.3,,,
388,626.7,276.6,264.3,,,
389,627.0,276.6,264.3,,,
390,627.3,276.6,264.3,,,
391,627.6,276.6,264.3,,,
392,627.9,276.6,264.3,,,
393,628.2,276.6,264.3,,,
394,628.5,276.6,264.3,,,
395,628.8,276.6,264.3,,,
396,629.1,276.6,264.3,,,
397,629.4,276.7,264.2,,,
398,629.7,276.7,264.2,,,
399,630.0,276.7,264.2,,,
400,630.3,276.7,264.2,,,
401,630.6,276.7,264.2,,,
402,630.9,276.7,264.1,,,
403,631.2,276.7,264.1,,,
404,631.4,276.7,264.1,,,
405,631.7,276.7,264.1,,,
406,632.0,276.7,264.0,,,
407,632.3,276.7,264.0,,,
408,632.5,276.8,264.0,,,
409,632.8,276.8,264.0,,,
410,633.0,276.8,263.9,,,
411,633.3,276.8,263.9,,,
412,633.5,276.8,263.9,,,
413,633.7,276.8,263.9,,,
414,634.0,276.8,263.8,,,
415,634.2,276.8,263.8,,,
416,634.4,276.8,263.8,,,
417,634.6,276.8,263.8,,,
418,634.8,276.8,263.7,,,
419,635.0,276.9,263.7,,,
420,635.1,276.9,263.7,,,
421,635.3,276.9,263.7,,,
422,635.5,276.9,263.6,,,
423,635.6,276.9,263.6,,,
424,635.7,276.9,263.6,,,
425,635.9,276.9,263.6,,,
426,636.0,276.9,263.5,,,
427,636.1,276.9,263.5,,,
428,636.2,276.9,263.5,,,
429,636.2,276.9,263.5,,,
430,636.3,276.9,263.5,,,
431,636.4,276.9,263.5,,,
432,636.4,276.9,263.4,,,
433,636.4,276.9,263.4,,,
434,636.5,276.9,263.4,,,
435,636.5,276.9,263.4,,,
436,636.5,276.9,263.4,,,
437,636.5,276.9,263.4,,,
438,636.5,276.9,263.4,,,
439,636.5,276.9,263.4,,,
440,636.5,276.9,263.4,,,
441,636.5,276.9,263.4,,,
442,636.5,276.9,263.3,,,
443,636.6,276.8,263.3,,,
444,636.6,276.8,263.3,,,
445,636.6,276.8,263.3,,,
446,636.6,276.8,263.3,,,
447,636.7,276.8,263.3,,,
448,636.7,276.8,263.3,,,
449,636.8,276.8,263.3,,,
450,636.9,276.8,263.3,,,
451,637.0,276.8,263.3,,,
452,637.1,276.8,263.3,,,
453,637.2,276.8,263.3,,,
454,637.3,276.8,263.3,,,
455,637.5,276.7,263.3,,,
456,637.7,276.7,263.3,,,
457,637.9,276.7,263.3,,,
458,638.1,276.7,263.2,,,
459,638.4,276.7,263.2,,,
460,638.6,276.7,263.2,,,
461,638.9,276.7,263.2,,,
462,639.3,276.7,263.2,,,
463,639.6,276.7,263.2,,,
464,640.0,276.7,263.2,,,
465,640.5,276.7,263.2,,,
466,640.9,276.7,263.2,,,
467,641.4,276.7,263.1,,,
468,641.9,276.7,263.1,,,
469,642.4,276.7,263.1,,,
470,642.9,276.7,263.1,,,
471,643.4,276.7,263.1,,,
472,644.0,276.7,263.0,,,
473,644.6,276.7,263.0,,,
474,645.2,276.6,263.0,,,
475,645.8,276.6,263.0,,,
476,646.4,276.6,262.9,,,
477,647.0,276.6,262.9,,,
478,647.6,276.6,262.9,,,
479,648.2,276.6,262.9,,,
480,648.9,276.6,262.8,,,
481,649.5,276.6,262.8,,,
482,650.1,276.6,262.7,,,
483,650.8,276.6,262.7,,,
484,651.4,276.6,262.7,,,
485,652.0,276.6,262.6,,,
486,652.6,276.6,262.6,,,
487,653.2,276.6,262.5,,,
488,653.8,276.6,262.5,,,
489,654.4,276.6,262.4,,,
490,655.0,276.5,262.4,,,
491,655.5,276.5,262.3,,,
492,656.0,276.5,262.3,,,
493,656.6,276.5,262.2,,,
494,657.1,276.5,262.1,,,
495,657.5,276.5,262.1,,,
496,658.0,276.5,262.0,,,
497,658.4,276.5,261.9,,,
498,658.8,276.4,261.8,,,
499,659.2,276.4,261.8,,,
500,659.5,276.4,261.7,,,
501,659.8,276.4,261.6,,,
502,660.1,276.3,261.5,,,
503,660.3,276.3,261.4,,,
504,660.5,276.3,261.3,,,
505,660.7,276.3,261.2,,,
506,660.9,276.3,261.1,,,
507,661.0,276.2,261.1,,,
508,661.1,276.2,261.0,,,
509,661.2,276.2,260.9,,,
510,661.2,276.1,260.8,,,
511,661.3,276.1,260.7,,,
512,661.3,276.1,260.6,,,
513,661.3,276.1,260.5,,,
514,661.2,276.0,260.4,,,
515,661.2,276.0,260.3,,,
516,661.1,276.0,260.3,,,
517,661.0,276.0,260.2,,,
518,660.9,276.0,260.1,,,
519,660.8,275.9,260.1,,,
520,660.7,275.9,260.0,,,
521,660.5,275.9,260.0,,,
522,660.4,275.9,259.9,,,
523,660.2,275.9,259.9,,,
524,660.0,275.9,259.8,,,
525,659.9,275.9,259.8,,,
526,659.7,275.9,259.8,,,
527,659.5,275.9,259.8,,,
528,659.3,275.9,259.8,,,
529,659.1,275.9,259.8,,,
530,658.9,275.9,259.8,,,
531,658.7,275.9,259.8,,,
532,658.5,275.9,259.9,,,
533,658.3,275.9,259.9,,,
534,658.1,275.9,260.0,,,
535,657.8,276.0,260.1,,,
536,657.7,276.0,260.1,,,
537,657.5,276.0,260.2,,,
538,657.3,276.1,260.3,,,
539,657.1,276.1,260.5,,,
540,656.9,276.1,260.6,,,
541,656.7,276.2,260.7,,,
542,656.6,276.2,260.9,,,
543,656.4,276.3,261.1,,,
544,656.3,276.3,261.2,,,
545,656.1,276.4,261.4,,,
546,656.0,276.4,261.6,,,
547,655.8,276.5,261.7,,,
548,655.7,276.6,261.9,,,
549,655.5,276.6,262.1,,,
550,655.4,276.7,262.3,,,
551,655.3,276.7,262.5,,,
552,655.1,276.8,262.7,,,
553,655.0,276.9,262.8,,,
554,654.9,276.9,263.0,,,
555,654.7,277.0,263.2,,,
556,654.6,277.0,263.4,,,
557,654.5,277.1,263.5,,,
558,654.3,277.2,263.7,,,
559,654.2,277.2,263.9,,,
560,654.1,277.3,264.0,,,
561,653.9,277.3,264.1,,,
562,653.8,277.4,264.3,,,
563,653.7,277.4,264.4,,,
564,653.5,277.4,264.5,,,
565,653.4,277.5,264.5,,,
566,653.2,277.5,264.6,,,
567,653.1,277.5,264.7,,,
568,652.9,277.6,264.7,,,
569,652.7,277.6,264.7,,,
570,652.6,277.6,264.7,,,
571,652.4,277.6,264.7,,,
572,652.2,277.6,264.7,,,
573,652.0,277.6,264.6,,,
574,651.8,277.6,264.6,,,
575,651.6,277.6,264.5,,,
576,651.4,277.5,264.3,,,
577,651.2,277.5,264.2,,,
578,650.9,277.5,264.1,,,
579,650.7,277.5,263.9,,,
580,650.4,277.4,263.8,,,
581,650.2,277.4,263.6,,,
582,649.9,277.4,263.4,,,
583,649.7,277.3,263.2,,,
584,649.4,277.3,263.1,,,
585,649.1,277.2,262.9,,,
586,648.8,277.2,262.7,,,
587,648.5,277.2,262.5,,,
588,648.2,277.1,262.3,,,
589,647.9,277.1,262.1,,,
590,647.6,277.0,261.9,,,
591,647.3,277.0,261.8,,,
592,646.9,277.0,261.6,,,
593,646.6,277.0,261.5,,,
594,646.2,276.9,261.3,,,
595,645.9,276.9,261.2,,,
596,645.5,276.9,261.1,,,
597,645.1,276.9,261.0,,,
598,644.7,276.9,260.9,,,
599,644.4,276.9,260.8,,,
600,644.0,276.9,260.8,,,
601,643.6,276.9,260.7,,,
602,643.1,276.9,260.7,,,
603,642.7,276.9,260.7,,,
604,642.3,277.0,260.7,,,
605,641.9,277.0,260.7,,,
606,641.5,277.0,260.7,,,
607,641.1,277.0,260.7,,,
608,640.7,277.1,260.7,,,
609,640.3,277.1,260.8,,,
610,639.9,277.2,260.8,,,
611,639.5,277.2,260.9,,,
612,639.1,277.2,260.9,,,
613,638.7,277.3,261.0,,,
614,638.3,277.3,261.0,,,
615,637.9,277.4,261.1,,,
616,637.5,277.4,261.2,,,
617,637.2,277.5,261.3,,,
618,636.8,277.5,261.3,,,
619,636.5,277.6,261.4,,,
620,636.2,277.6,261.5,,,
621,635.9,277.7,261.6,,,
622,635.6,277.8,261.7,,,
623,635.3,277.8,261.7,,,
624,635.1,277.9,261.8,,,
625,634.8,277.9,261.9,,,
626,634.6,278.0,262.0,,,
627,634.4,278.0,262.0,,,
628,634.2,278.1,262.1,,,
629,634.0,278.1,262.2,,,
630,633.9,278.2,262.2,,,
631,633.8,278.2,262.3,,,
632,633.7,278.3,262.3,,,
633,633.6,278.3,262.3,,,
634,633.6,278.4,262.4,,,
635,633.6,278.4,262.4,,,
636,633.6,278.5,262.4,,,
637,633.6,278.5,262.4,,,
638,633.7,278.6,262.4,,,
639,633.7,278.6,262.4,,,
640,633.8,278.6,262.4,,,
641,634.0,278.7,262.3,,,
642,634.1,278.7,262.3,,,
643,634.2,278.7,262.3,,,
644,634.4,278.8,262.3,,,
645,634.6,278.8,262.2,,,
646,634.8,278.8,262.2,,,
647,635.0,278.9,262.2,,,
648,635.3,278.9,262.1,,,
649,635.5,278.9,262.1,,,
650,635.8,279.0,262.0,,,
651,636.0,279.0,262.0,,,
652,636.3,279.0,261.9,,,
653,636.6,279.0,261.9,,,
654,636.9,279.1,261.8,,,
655,637.2,279.1,261.8,,,
656,637.6,279.1,261.7,,,
657,637.9,279.1,261.7,,,
658,638.2,279.2,261.6,,,
659,638.5,279.2,261.6,,,
660,638.9,279.2,261.5,,,
661,639.2,279.2,261.5,,,
662,639.6,279.3,261.4,,,
663,639.9,279.3,261.4,,,
664,640.3,279.3,261.3,,,
665,640.6,279.3,261.3,,,
666,641.0,279.4,261.3,,,
667,641.3,279.4,261.2,,,
668,641.7,279.4,261.2,,,
669,642.0,279.4,261.2,,,
670,642.4,279.5,261.2,,,
671,642.7,279.5,261.1,,,
672,643.0,279.5,261.1,,,
673,643.4,279.5,261.1,,,
674,643.7,279.5,261.1,,,
675,644.0,279.6,261.1,,,
676,644.3,279.6,261.1,,,
677,644.6,279.6,261.1,,,
678,644.9,279.6,261.1,,,
679,645.2,279.6,261.1,,,
680,645.5,279.7,261.2,,,
681,645.8,279.7,261.2,,,
682,646.1,279.7,261.2,,,
683,646.3,279.7,261.2,,,
684,646.6,279.7,261.3,,,
685,646.9,279.7,261.3,,,
686,647.1,279.7,261.3,,,
687,647.3,279.8,261.4,,,
688,647.6,279.8,261.4,,,
689,647.8,279.8,261.5,,,
690,648.0,279.8,261.5,,,
691,648.2,279.8,261.6,,,
692,648.5,279.8,261.6,,,
693,648.6,279.8,261.7,,,
694,648.8,279.8,261.7,,,
695,649.0,279.7,261.8,,,
696,649.2,279.7,261.9,,,
697,649.3,279.7,261.9,,,
698,649.5,279.7,262.0,,,
699,649.6,279.7,262.1,,,
700,649.8,279.7,262.1,,,
701,649.9,279.6,262.2,,,
702,650.0,279.6,262.3,,,
703,650.1,279.6,262.4,,,
704,650.2,279.5,262.4,,,
705,650.3,279.5,262.5,,,
706,650.4,279.5,262.6,,,
707,650.4,279.4,262.7,,,
708,650.5,279.4,262.8,,,
709,650.5,279.3,262.9,,,
710,650.6,279.3,263.0,,,
711,650.6,279.3,263.1,,,
712,650.6,279.2,263.2,,,
713,650.7,279.2,263.3,,,
714,650.7,279.1,263.4,,,
715,650.7,279.1,263.5,,,
716,650.7,279.0,263.6,,,
717,650.6,279.0,263.7,,,
718,650.6,278.9,263.8,,,
719,650.6,278.9,263.9,,,
720,650.6,278.9,264.0,,,
721,650.5,278.8,264.1,,,
722,650.5,278.8,264.2,,,
723,650.4,278.7,264.3,,,
724,650.3,278.7,264.4,,,
725,650.3,278.7,264.5,,,
726,650.2,278.6,264.6,,,
727,650.1,278.6,264.8,,,
728,650.0,278.6,264.9,,,
729,649.9,278.5,265.0,,,
730,649.8,278.5,265.1,,,
731,649.7,278.5,265.2,,,
732,649.5,278.5,265.3,,,
733,649.4,278.4,265.4,,,
734,649.3,278.4,265.5,,,
735,649.2,278.4,265.7,,,
736,649.0,278.4,265.8,,,
737,648.9,278.4,265.9,,,
738,648.7,278.4,266.0,,,
739,648.6,278.4,266.1,,,
740,648.4,278.4,266.2,,,
741,648.2,278.4,266.4,,,
742,648.1,278.4,266.5,,,
743,647.9,278.4,266.6,,,
744,647.7,278.4,266.7,,,
745,647.5,278.4,266.8,,,
746,647.3,278.4,266.9,,,
747,647.2,278.4,267.0,,,
748,647.0,278.4,267.2,,,
749,646.8,278.4,267.3,,,
750,646.6,278.4,267.4,,,
751,646.4,278.4,267.5,,,
752,646.2,278.4,267.6,,,
753,646.0,278.4,267.7,,,
754,645.8,278.4,267.8,,,
755,645.6,278.4,267.9,,,
756,645.4,278.4,268.0,,,
757,645.2,278.4,268.1,,,
758,645.0,278.5,268.2,,,
759,644.7,278.5,268.3,,,
760,644.5,278.5,268.4,,,
761,644.3,278.5,268.5,,,
762,644.1,278.5,268.6,,,
763,643.9,278.5,268.7,,,
764,643.7,278.5,268.8,,,
765,643.5,278.5,268.9,,,
766,643.3,278.5,269.0,,,
767,643.1,278.5,269.1,,,
768,642.9,278.5,269.2,,,
769,642.7,278.5,269.3,,,
770,642.5,278.5,269.3,,,
771,642.3,278.5,269.4,,,
772,642.1,278.5,269.5,,,
773,641.9,278.5,269.6,,,
774,641.7,278.5,269.7,,,
775,641.6,278.5,269.7,,,
776,641.4,278.5,269.8,,,
777,641.3,278.5,269.9,,,
778,641.1,278.5,269.9,,,
779,641.0,278.5,270.0,,,
780,640.9,278.5,270.1,,,
781,640.8,278.5,270.1,,,
782,640.7,278.5,270.2,,,
783,640.7,278.5,270.2,,,
784,640.6,278.5,270.3,,,
785,640.6,278.5,270.3,,,
786,640.5,278.5,270.4,,,
787,640.5,278.5,270.4,,,
788,640.6,278.5,270.5,,,
789,640.6,278.5,270.5,,,
790,640.7,278.5,270.5,,,
791,640.7,278.5,270.6,,,
792,640.8,278.5,270.6,,,
793,641.0,278.5,270.6,,,
794,641.1,278.5,270.6,,,
795,641.3,278.5,270.7,,,
796,641.5,278.5,270.7,,,
797,641.7,278.5,270.7,,,
798,642.0,278.5,270.7,,,
799,642.3,278.5,270.7,,,
800,642.6,278.5,270.7,,,
801,642.9,278.5,270.7,,,
802,643.3,278.5,270.7,,,
803,643.7,278.5,270.7,,,
804,644.1,278.5,270.7,,,
805,644.6,278.6,270.6,,,
806,645.0,278.6,270.6,,,
807,645.5,278.6,270.6,,,
808,646.0,278.6,270.6,,,
809,646.5,278.6,270.6,,,
810,647.1,278.6,270.5,,,
811,647.6,278.6,270.5,,,
812,648.2,278.7,270.5,,,
813,648.7,278.7,270.4,,,
814,649.3,278.7,270.4,,,
815,649.8,278.7,270.4,,,
816,650.4,278.7,270.3,,,
817,651.0,278.7,270.3,,,
818,651.5,278.8,270.2,,,
819,652.1,278.8,270.2,,,
820,652.6,278.8,270.1,,,
821,653.1,278.8,270.1,,,
822,653.7,278.8,270.1,,,
823,654.2,278.9,270.0,,,
824,654.7,278.9,270.0,,,
825,655.1,278.9,269.9,,,
826,655.6,278.9,269.9,,,
827,656.0,278.9,269.8,,,
828,656.4,279.0,269.8,,,
829,656.8,279.0,269.7,,,
830,657.2,279.0,269.7,,,
831,657.5,279.0,269.7,,,
832,657.8,279.0,269.6,,,
833,658.0,279.0,269.6,,,
834,658.3,279.1,269.5,,,
835,658.5,279.1,269.5,,,
836,658.6,279.1,269.5,,,
837,658.8,279.1,269.4,,,
838,658.9,279.1,269.4,,,
839,659.0,279.1,269.4,,,
840,659.1,279.2,269.4,,,
841,659.2,279.2,269.3,,,
842,659.2,279.2,269.3,,,
843,659.2,279.2,269.3,,,
844,659.2,279.2,269.3,,,
845,659.2,279.2,269.3,,,
846,659.1,279.2,269.3,,,
847,659.0,279.3,269.2,,,
848,659.0,279.3,269.2,,,
849,658.9,279.3,269.2,,,
850,658.7,279.3,269.2,,,
851,658.6,279.3,269.3,,,
852,658.5,279.3,269.3,,,
853,658.3,279.3,269.3,,,
854,658.1,279.3,269.3,,,
855,658.0,279.3,269.3,,,
856,657.8,279.3,269.4,,,
857,657.6,279.3,269.4,,,
858,657.4,279.3,269.4,,,
859,657.2,279.3,269.5,,,
860,656.9,279.3,269.5,,,
861,656.7,279.3,269.6,,,
862,656.5,279.3,269.6,,,
863,656.2,279.3,269.7,,,
864,656.0,279.3,269.8,,,
865,655.7,279.3,269.8,,,
866,655.5,279.2,269.9,,,
867,655.2,279.2,270.0,,,
868,655.0,279.2,270.0,,,
869,654.7,279.2,270.1,,,
870,654.4,279.2,270.2,,,
871,654.2,279.2,270.3,,,
872,653.9,279.2,270.4,,,
873,653.6,279.2,270.4,,,
874,653.3,279.1,270.5,,,
875,653.1,279.1,270.6,,,
876,652.8,279.1,270.7,,,
877,652.5,279.1,270.8,,,
878,652.2,279.1,270.9,,,
879,652.0,279.1,270.9,,,
880,651.7,279.1,271.0,,,
881,651.4,279.0,271.1,,,
882,651.1,279.0,271.2,,,
883,650.8,279.0,271.3,,,
884,650.6,279.0,271.4,,,
885,650.3,279.0,271.4,,,
886,650.0,279.0,271.5,,,
887,649.8,279.0,271.6,,,
888,649.5,279.0,271.6,,,
889,649.3,279.0,271.7,,,
890,649.0,278.9,271.8,,,
891,648.8,278.9,271.8,,,
892,648.5,278.9,271.9,,,
893,648.3,278.9,271.9,,,
894,648.0,278.9,272.0,,,
895,647.8,278.9,272.0,,,
896,647.6,278.9,272.1,,,
897,647.4,278.9,272.1,,,
898,647.2,278.9,272.1,,,
899,647.0,278.9,272.1,,,
900,646.8,278.9,272.1,,,
901,646.6,278.9,272.2,,,
902,646.4,278.9,272.2,,,
903,646.3,278.9,272.2,,,
904,646.1,278.9,272.2,,,
905,646.0,278.9,272.1,,,
906,645.8,278.9,272.1,,,
907,645.7,278.9,272.1,,,
908,645.6,278.9,272.1,,,
909,645.5,279.0,272.1,,,
910,645.4,279.0,272.0,,,
911,645.3,279.0,272.0,,,
912,645.2,279.0,272.0,,,
913,645.1,279.0,271.9,,,
914,645.0,279.0,271.9,,,
915,645.0,279.0,271.8,,,
916,644.9,279.0,271.8,,,
917,644.9,279.0,271.7,,,
918,644.8,279.1,271.6,,,
919,644.8,279.1,271.6,,,
920,644.8,279.1,271.5,,,
921,644.8,279.1,271.4,,,
922,644.8,279.1,271.4,,,
923,644.8,279.1,271.3,,,
924,644.8,279.1,271.2,,,
925,644.8,279.1,271.1,,,
926,644.8,279.1,271.0,,,
927,644.9,279.1,270.9,,,
928,644.9,279.1,270.9,,,
929,645.0,279.2,270.8,,,
930,645.1,279.2,270.7,,,
931,645.2,279.2,270.6,,,
932,645.3,279.2,270.5,,,
933,645.4,279.2,270.4,,,
934,645.5,279.2,270.3,,,
935,645.6,279.2,270.2,,,
936,645.7,279.2,270.1,,,
937,645.9,279.2,270.0,,,
938,646.0,279.2,269.9,,,
939,646.2,279.2,269.8,,,
940,646.4,279.1,269.7,,,
941,646.5,279.1,269.6,,,
942,646.7,279.1,269.4,,,
943,646.9,279.1,269.3,,,
944,647.1,279.1,269.2,,,
945,647.4,279.1,269.1,,,
946,647.6,279.1,269.0,,,
947,647.8,279.0,268.9,,,
948,648.1,279.0,268.8,,,
949,648.4,279.0,268.7,,,
950,648.6,279.0,268.6,,,
951,648.9,279.0,268.5,,,
952,649.2,278.9,268.4,,,
953,649.5,278.9,268.3,,,
954,649.8,278.9,268.2,,,
955,650.0,278.8,268.0,,,
956,650.3,278.8,267.9,,,
957,650.6,278.8,267.8,,,
958,650.9,278.8,267.7,,,
959,651.2,278.7,267.6,,,
960,651.5,278.7,267.5,,,
961,651.8,278.7,267.4,,,
962,652.1,278.7,267.3,,,
963,652.4,278.6,267.3,,,
964,652.6,278.6,267.2,,,
965,652.9,278.6,267.1,,,
966,653.2,278.5,267.0,,,
967,653.4,278.5,266.9,,,
968,653.7,278.5,266.8,,,
969,653.9,278.5,266.7,,,
970,654.1,278.5,266.7,,,
971,654.4,278.5,266.6,,,
972,654.6,278.4,266.5,,,
973,654.8,278.4,266.4,,,
974,655.0,278.4,266.4,,,
975,655.2,278.4,266.3,,,
976,655.4,278.4,266.2,,,
977,655.6,278.4,266.2,,,
978,655.7,278.4,266.1,,,
979,655.9,278.4,266.1,,,
980,656.1,278.4,266.0,,,
981,656.3,278.4,266.0,,,
982,656.5,278.4,265.9,,,
983,656.7,278.4,265.9,,,
984,656.9,278.4,265.8,,,
985,657.2,278.4,265.8,,,
986,657.4,278.5,265.7,,,
987,657.6,278.5,265.7,,,
988,657.9,278.5,265.6,,,
989,658.2,278.5,265.6,,,
990,658.5,278.6,265.6,,,
991,658.8,278.6,265.5,,,
992,659.1,278.6,265.5,,,
993,659.4,278.7,265.5,,,
994,659.8,278.7,265.5,,,
995,660.2,278.7,265.4,,,
996,660.6,278.8,265.4,,,
997,661.0,278.8,265.4,,,
998,661.4,278.9,265.4,,,
999,661.9,279.0,265.4,,,
1000,662.4,279.0,265.3,,,
1001,663.0,279.1,265.3,,,
1002,663.5,279.2,265.3,,,
1003,664.1,279.2,265.3,,,
1004,664.8,279.3,265.3,,,
1005,665.4,279.4,265.3,,,
1006,666.1,279.5,265.3,,,
1007,666.9,279.6,265.3,,,
1008,667.6,279.7,265.3,,,
1009,668.4,279.8,265.3,,,
1010,669.2,279.9,265.3,,,
1011,670.1,280.0,265.3,,,
1012,670.9,280.1,265.3,,,
1013,671.7,280.2,265.3,,,
1014,672.5,280.3,265.3,,,
1015,673.3,280.3,265.3,,,
1016,674.1,280.4,265.3,,,
1017,674.9,280.5,265.3,,,
1018,675.6,280.6,265.3,,,
1019,676.3,280.6,265.3,,,
1020,677.0,280.7,265.4,,,
1021,677.6,280.7,265.4,,,
1022,678.1,280.7,265.4,,,
1023,678.6,280.8,265.4,,,
1024,679.0,280.8,265.4,,,
1025,679.4,280.8,265.4,,,
1026,679.6,280.7,265.5,,,
1027,679.8,280.7,265.5,,,
1028,679.9,280.7,265.5,,,
1029,679.9,280.6,265.5,,,
1030,679.9,280.6,265.6,,,
1031,679.8,280.5,265.6,,,
1032,679.6,280.5,265.6,,,
1033,679.4,280.4,265.6,,,
1034,679.1,280.4,265.7,,,
1035,678.8,280.4,265.7,,,
1036,678.5,280.3,265.7,,,
1037,678.2,280.4,265.7,,,
1038,677.8,280.4,265.8,,,
1039,677.4,280.4,265.8,,,
1040,677.1,280.5,265.8,,,
1041,676.7,280.6,265.9,,,
1042,676.3,280.7,265.9,,,
1043,675.9,280.8,265.9,,,
1044,675.6,280.9,266.0,,,
1045,675.2,281.0,266.0,,,
1046,674.8,281.2,266.1,,,
1047,674.5,281.3,266.1,,,
1048,674.1,281.5,266.1,,,
1049,673.8,281.6,266.2,,,
1050,673.5,281.8,266.2,,,
1051,673.2,281.9,266.2,,,
1052,672.9,282.0,266.3,,,
1053,672.6,282.2,266.3,,,
1054,672.4,282.3,266.4,,,
1055,672.2,282.4,266.4,,,
1056,672.0,282.6,266.4,,,
1057,671.9,282.7,266.5,,,
1058,671.8,282.8,266.5,,,
1059,671.7,282.9,266.6,,,
1060,671.6,282.9,266.6,,,
1061,671.6,283.0,266.6,,,
1062,671.6,283.0,266.7,,,
1063,671.7,283.1,266.7,,,
1064,671.8,283.1,266.8,,,
1065,671.9,283.1,266.8,,,
1066,672.0,283.1,266.9,,,
1067,672.1,283.1,266.9,,,
1068,672.3,283.1,266.9,,,
1069,672.5,283.1,267.0,,,
1070,672.7,283.1,267.0,,,
1071,672.9,283.0,267.1,,,
1072,673.1,283.0,267.1,,,
1073,673.4,283.0,267.2,,,
1074,673.6,282.9,267.2,,,
1075,673.8,282.9,267.2,,,
1076,674.1,282.9,267.3,,,
1077,674.3,282.8,267.3,,,
1078,674.6,282.8,267.4,,,
1079,674.8,282.7,267.4,,,
1080,675.0,282.7,267.4,,,
1081,675.2,282.6,267.5,,,
1082,675.4,282.6,267.5,,,
1083,675.6,282.5,267.6,,,
1084,675.8,282.5,267.6,,,
1085,675.9,282.5,267.6,,,
1086,676.1,282.4,267.7,,,
1087,676.2,282.4,267.7,,,
1088,676.3,282.4,267.8,,,
1089,676.3,282.4,267.8,,,
1090,676.4,282.4,267.8,,,
1091,676.4,282.4,267.9,,,
1092,676.4,282.4,267.9,,,
1093,676.3,282.4,267.9,,,
1094,676.3,282.4,268.0,,,
1095,676.2,282.4,268.0,,,
1096,676.2,282.5,268.0,,,
1097,676.1,282.5,268.1,,,
1098,676.1,282.5,268.1,,,
1099,676.0,282.6,268.1,,,
1100,675.9,282.6,268.2,,,
1101,675.9,282.6,268.2,,,
1102,675.9,282.7,268.2,,,
1103,675.9,282.7,268.2,,,
1104,675.9,282.7,268.3,,,
1105,675.9,282.8,268.3,,,
1106,675.9,282.8,268.3,,,
1107,676.0,282.9,268.3,,,
1108,676.2,282.9,268.4,,,
1109,676.3,282.9,268.4,,,
1110,676.5,283.0,268.4,,,
1111,676.7,283.0,268.4,,,
1112,676.9,283.1,268.4,,,
1113,677.1,283.1,268.5,,,
1114,677.4,283.1,268.5,,,
1115,677.7,283.2,268.5,,,
1116,678.0,283.2,268.5,,,
1117,678.3,283.3,268.5,,,
1118,678.6,283.3,268.5,,,
1119,679.0,283.3,268.5,,,
1120,679.3,283.4,268.6,,,
1121,679.7,283.4,268.6,,,
1122,680.1,283.4,268.6,,,
1123,680.5,283.5,268.6,,,
1124,680.8,283.5,268.6,,,
1125,681.2,283.5,268.6,,,
1126,681.6,283.6,268.6,,,
1127,682.0,283.6,268.6,,,
1128,682.4,283.6,268.6,,,
1129,682.8,283.6,268.6,,,
1130,683.2,283.7,268.6,,,
1131,683.6,283.7,268.6,,,
1132,683.9,283.7,268.6,,,
1133,684.3,283.7,268.6,,,
1134,684.7,283.7,268.6,,,
1135,685.0,283.8,268.6,,,
1136,685.3,283.8,268.6,,,
1137,685.6,283.8,268.6,,,
1138,685.9,283.8,268.6,,,
1139,686.2,283.8,268.6,,,
1140,686.5,283.8,268.6,,,
1141,686.7,283.8,268.6,,,
1142,686.9,283.9,268.6,,,
1143,687.1,283.9,268.6,,,
1144,687.3,283.9,268.6,,,
1145,687.5,283.9,268.6,,,
1146,687.7,283.9,268.6,,,
1147,687.8,283.9,268.6,,,
1148,688.0,283.9,268.6,,,
1149,688.1,283.9,268.6,,,
1150,688.2,283.9,268.6,,,
1151,688.3,283.9,268.6,,,
1152,688.4,283.9,268.6,,,
1153,688.4,283.9,268.6,,,
1154,688.5,283.9,268.6,,,
1155,688.5,283.9,268.5,,,
1156,688.6,283.9,268.5,,,
1157,688.6,283.9,268.5,,,
1158,688.6,283.9,268.5,,,
1159,688.6,283.9,268.5,,,
1160,688.6,283.9,268.5,,,
1161,688.6,283.9,268.5,,,
1162,688.6,283.9,268.5,,,
1163,688.6,283.9,268.4,,,
1164,688.5,283.9,268.4,,,
1165,688.5,283.9,268.4,,,
1166,688.4,283.9,268.4,,,
1167,688.4,283.9,268.4,,,
1168,688.3,283.9,268.4,,,
1169,688.2,283.9,268.4,,,
1170,688.1,283.9,268.3,,,
1171,688.0,283.9,268.3,,,
1172,687.9,283.9,268.3,,,
1173,687.8,283.9,268.3,,,
1174,687.7,283.9,268.3,,,
1175,687.6,283.9,268.3,,,
1176,687.5,283.9,268.3,,,
1177,687.3,283.9,268.2,,,
1178,687.2,283.9,268.2,,,
1179,687.0,283.9,268.2,,,
1180,686.8,283.9,268.2,,,
1181,686.7,283.9,268.2,,,
1182,686.5,283.9,268.2,,,
1183,686.3,283.9,268.1,,,
1184,686.1,283.9,268.1,,,
1185,685.9,283.9,268.1,,,
1186,685.6,283.9,268.1,,,
1187,685.4,283.9,268.1,,,
1188,685.2,283.9,268.0,,,
1189,684.9,283.9,268.0,,,
1190,684.7,283.9,268.0,,,
1191,684.4,283.9,268.0,,,
1192,684.2,283.9,268.0,,,
1193,683.9,283.9,268.0,,,
1194,683.6,283.9,267.9,,,
1195,683.3,283.9,267.9,,,
1196,683.0,283.9,267.9,,,
1197,682.7,283.9,267.9,,,
1198,682.4,283.8,267.9,,,
1199,682.0,283.8,267.8,,,
1200,681.7,283.8,267.8,,,
1201,681.3,283.8,267.8,,,
1202,680.9,283.8,267.8,,,
1203,680.5,283.7,267.8,,,
1204,680.0,283.7,267.8,,,
1205,679.6,283.7,267.7,,,
1206,679.1,283.7,267.7,,,
1207,678.6,283.6,267.7,,,
1208,678.1,283.6,267.7,,,
1209,677.5,283.5,267.7,,,
1210,676.9,283.5,267.7,,,
1211,676.3,283.4,267.6,,,
1212,675.6,283.4,267.6,,,
1213,675.0,283.3,267.6,,,
1214,674.3,283.2,267.6,,,
1215,673.6,283.2,267.6,,,
1216,672.9,283.1,267.6,,,
1217,672.2,283.0,267.5,,,
1218,671.5,283.0,267.5,,,
1219,670.8,282.9,267.5,,,
1220,670.1,282.8,267.5,,,
1221,669.3,282.7,267.5,,,
1222,668.6,282.7,267.5,,,
1223,667.9,282.6,267.5,,,
1224,667.3,282.5,267.5,,,
1225,666.6,282.5,267.4,,,
1226,665.9,282.4,267.4,,,
1227,665.3,282.3,267.4,,,
1228,664.7,282.3,267.4,,,
1229,664.1,282.2,267.4,,,
1230,663.5,282.1,267.4,,,
1231,663.0,282.1,267.4,,,
1232,662.5,282.0,267.4,,,
1233,662.0,282.0,267.4,,,
1234,661.6,281.9,267.4,,,
1235,661.2,281.9,267.4,,,
1236,660.9,281.8,267.4,,,
1237,660.6,281.8,267.4,,,
1238,660.4,281.8,267.4,,,
1239,660.2,281.7,267.4,,,
1240,660.0,281.7,267.4,,,
1241,660.0,281.7,267.4,,,
1242,660.0,281.7,267.4,,,
1243,660.0,281.7,267.4,,,
1244,660.1,281.7,267.4,,,
1245,660.3,281.7,267.4,,,
1246,660.6,281.7,267.4,,,
1247,660.9,281.7,267.4,,,
1248,661.3,281.8,267.4,,,
1249,661.8,281.8,267.4,,,
1250,662.4,281.8,267.5,,,
1251,663.0,281.9,267.5,,,
1252,663.7,281.9,267.5,,,
1253,664.4,282.0,267.5,,,
1254,665.2,282.0,267.5,,,
1255,666.0,282.0,267.5,,,
1256,666.9,282.1,267.6,,,
1257,667.8,282.1,267.6,,,
1258,668.7,282.1,267.6,,,
1259,669.6,282.1,267.6,,,
1260,670.6,282.0,267.7,,,
1261,671.6,282.0,267.7,,,
1262,672.6,282.0,267.7,,,
1263,673.6,281.9,267.8,,,
1264,674.6,281.9,267.8,,,
1265,675.6,281.8,267.8,,,
1266,676.5,281.8,267.9,,,
1267,677.5,281.7,267.9,,,
1268,678.5,281.7,267.9,,,
1269,679.5,281.6,268.0,,,
1270,680.4,281.5,268.0,,,
1271,681.3,281.4,268.0,,,
1272,682.2,281.4,268.1,,,
1273,683.1,281.3,268.1,,,
1274,684.0,281.2,268.2,,,
1275,684.8,281.2,268.2,,,
1276,685.6,281.1,268.3,,,
1277,686.3,281.0,268.3,,,
1278,687.0,281.0,268.3,,,
1279,687.6,280.9,268.4,,,
1280,688.2,280.9,268.4,,,
1281,688.8,280.8,268.5,,,
1282,689.3,280.8,268.5,,,
1283,689.8,280.8,268.6,,,
1284,690.2,280.7,268.6,,,
1285,690.6,280.7,268.6,,,
1286,691.0,280.7,268.7,,,
1287,691.3,280.7,268.7,,,
1288,691.6,280.7,268.8,,,
1289,691.8,280.7,268.8,,,
1290,692.0,280.7,268.9,,,
1291,692.1,280.7,268.9,,,
1292,692.2,280.7,269.0,,,
1293,692.3,280.7,269.0,,,
1294,692.3,280.7,269.0,,,
1295,692.3,280.7,269.1,,,
1296,692.3,280.8,269.1,,,
1297,692.2,280.8,269.2,,,
1298,692.0,280.9,269.2,,,
1299,691.8,280.9,269.2,,,
1300,691.6,281.0,269.3,,,
1301,691.4,281.0,269.3,,,
1302,691.1,281.1,269.3,,,
1303,690.7,281.2,269.4,,,
1304,690.4,281.3,269.4,,,
1305,690.0,281.4,269.4,,,
1306,689.5,281.5,269.5,,,
1307,689.0,281.6,269.5,,,
1308,688.5,281.7,269.5,,,
1309,687.9,281.8,269.6,,,
1310,687.3,281.9,269.6,,,
1311,686.7,282.1,269.6,,,
1312,686.0,282.2,269.6,,,
1313,685.3,282.3,269.7,,,
1314,684.6,282.4,269.7,,,
1315,683.9,282.6,269.7,,,
1316,683.2,282.7,269.7,,,
1317,682.5,282.8,269.7,,,
1318,681.7,282.9,269.7,,,
1319,681.0,283.0,269.7,,,
1320,680.2,283.1,269.7,,,
1321,679.5,283.2,269.8,,,
1322,678.7,283.3,269.8,,,
1323,678.0,283.4,269.8,,,
1324,677.3,283.4,269.8,,,
1325,676.6,283.4,269.8,,,
1326,676.0,283.5,269.7,,,
1327,675.3,283.5,269.7,,,
1328,674.7,283.5,269.7,,,
1329,674.1,283.4,269.7,,,
1330,673.6,283.4,269.7,,,
1331,673.0,283.3,269.7,,,
1332,672.6,283.2,269.7,,,
1333,672.1,283.1,269.6,,,
1334,671.8,283.0,269.6,,,
1335,671.4,282.8,269.6,,,
1336,671.1,282.7,269.6,,,
1337,670.8,282.5,269.5,,,
1338,670.5,282.3,269.5,,,
1339,670.3,282.1,269.4,,,
1340,670.0,281.9,269.4,,,
1341,669.8,281.7,269.4,,,
1342,669.6,281.5,269.3,,,
1343,669.5,281.3,269.3,,,
1344,669.3,281.1,269.2,,,
1345,669.1,280.9,269.2,,,
1346,669.0,280.8,269.1,,,
1347,668.8,280.6,269.1,,,
1348,668.7,280.4,269.0,,,
1349,668.5,280.2,269.0,,,
1350,668.4,280.1,268.9,,,
1351,668.2,279.9,268.9,,,
1352,668.1,279.8,268.8,,,
1353,667.9,279.7,268.7,,,
1354,667.8,279.6,268.7,,,
1355,667.6,279.5,268.6,,,
1356,667.6,279.4,268.6,,,
1357,667.5,279.4,268.5,,,
1358,667.6,279.3,268.4,,,
1359,667.7,279.3,268.4,,,
1360,667.8,279.2,268.3,,,
1361,668.1,279.2,268.3,,,
1362,668.4,279.2,268.2,,,
1363,668.7,279.2,268.1,,,
1364,669.1,279.2,268.1,,,
1365,669.6,279.2,268.0,,,
1366,670.0,279.2,267.9,,,
1367,670.5,279.2,267.9,,,
1368,671.1,279.2,267.8,,,
1369,671.6,279.2,267.7,,,
1370,672.2,279.2,267.7,,,
1371,672.8,279.3,267.6,,,
1372,673.3,279.3,267.5,,,
1373,673.9,279.4,267.5,,,
1374,674.5,279.4,267.4,,,
1375,675.1,279.5,267.4,,,
1376,675.6,279.5,267.3,,,
1377,676.1,279.6,267.2,,,
1378,676.6,279.6,267.2,,,
1379,677.0,279.7,267.1,,,
1380,677.5,279.7,267.1,,,
1381,677.8,279.8,267.0,,,
1382,678.1,279.8,266.9,,,
1383,678.4,279.9,266.9,,,
1384,678.6,279.9,266.8,,,
1385,678.7,280.0,266.8,,,
1386,678.7,280.0,266.7,,,
1387,678.7,280.1,266.7,,,
1388,678.6,280.1,266.6,,,
1389,678.4,280.1,266.6,,,
1390,678.1,280.2,266.6,,,
1391,677.7,280.2,266.5,,,
1392,677.2,280.2,266.5,,,
1393,676.5,280.3,266.4,,,
1394,675.8,280.3,266.4,,,
1395,675.1,280.3,266.4,,,
1396,674.2,280.3,266.3,,,
1397,673.4,280.3,266.3,,,
1398,672.5,280.3,266.3,,,
1399,671.5,280.3,266.3,,,
1400,670.6,280.2,266.2,,,
1401,669.7,280.2,266.2,,,
1402,668.9,280.2,266.2,,,
1403,668.0,280.1,266.2,,,
1404,667.3,280.1,266.2,,,
1405,666.6,280.0,266.2,,,
1406,666.0,280.0,266.2,,,
1407,665.5,279.9,266.2,,,
1408,665.1,279.8,266.2,,,
1409,664.9,279.8,266.2,,,
1410,664.8,279.7,266.2,,,
1411,664.9,279.6,266.2,,,
1412,665.2,279.5,266.2,,,
1413,665.6,279.4,266.2,,,
1414,666.3,279.2,266.3,,,
1415,667.1,279.1,266.3,,,
1416,668.0,279.0,266.3,,,
1417,669.1,278.9,266.3,,,
1418,670.3,278.9,266.4,,,
1419,671.5,278.8,266.4,,,
1420,672.8,278.8,266.4,,,
1421,674.2,278.8,266.5,,,
1422,675.6,278.8,266.5,,,
1423,677.0,278.9,266.5,,,
1424,678.3,279.0,266.6,,,
1425,679.7,279.2,266.6,,,
1426,680.9,279.4,266.7,,,
1427,682.1,279.7,266.7,,,
1428,683.2,280.1,266.7,,,
1429,684.1,280.5,266.8,,,
1430,684.9,280.9,266.8,,,
1431,685.6,281.4,266.8,,,
1432,686.1,281.8,266.9,,,
1433,686.4,282.2,266.9,,,
1434,686.6,282.5,266.9,,,
1435,686.7,282.7,267.0,,,
1436,686.7,282.8,267.0,,,
1437,686.6,283.0,267.0,,,
1438,686.4,283.0,267.0,,,
1439,686.1,283.0,267.1,,,
1440,685.8,283.0,267.1,,,
1441,685.4,283.0,267.1,,,
1442,685.0,282.9,267.1,,,
1443,684.6,282.8,267.1,,,
1444,684.1,282.6,267.1,,,
1445,683.7,282.5,267.1,,,
1446,683.3,282.3,267.1,,,
1447,682.9,282.1,267.0,,,
1448,682.6,281.9,267.0,,,
1449,682.3,281.8,267.0,,,
1450,682.1,281.6,267.0,,,
1451,682.0,281.4,266.9,,,
1452,682.0,281.3,266.9,,,
1453,681.9,281.1,266.8,,,
1454,681.9,280.9,266.8,,,
1455,681.9,280.8,266.7,,,
1456,681.9,280.7,266.7,,,
1457,681.8,280.5,266.6,,,
1458,681.6,280.4,266.6,,,
1459,681.2,280.3,266.5,,,
1460,680.8,280.2,266.4,,,
1461,680.2,280.1,266.4,,,
1462,679.5,280.0,266.3,,,
1463,678.6,279.9,266.3,,,
1464,677.7,279.8,266.2,,,
1465,676.8,279.8,266.2,,,
1466,675.8,279.7,266.1,,,
1467,674.9,279.7,266.1,,,
1468,673.9,279.6,266.0,,,
1469,673.0,279.6,266.0,,,
1470,672.3,279.6,265.9,,,
1471,671.6,279.6,265.9,,,
1472,671.0,279.6,265.9,,,
1473,670.6,279.7,265.9,,,
1474,670.3,279.7,265.8,,,
1475,670.1,279.7,265.8,,,
1476,670.0,279.8,265.8,,,
1477,670.0,279.9,265.8,,,
1478,670.1,279.9,265.8,,,
1479,670.3,280.0,265.8,,,
1480,670.7,280.1,265.8,,,
1481,671.1,280.2,265.9,,,
1482,671.5,280.3,265.9,,,
1483,672.1,280.4,265.9,,,
1484,672.7,280.5,266.0,,,
1485,673.4,280.6,266.0,,,
1486,674.2,280.7,266.1,,,
1487,675.1,280.8,266.2,,,
1488,676.0,280.9,266.3,,,
1489,676.9,281.0,266.4,,,
1490,678.0,281.2,266.5,,,
1491,679.0,281.3,266.6,,,
1492,680.1,281.4,266.7,,,
1493,681.3,281.5,266.8,,,
1494,682.5,281.6,267.0,,,
1495,683.7,281.7,267.2,,,
1496,684.9,281.8,267.3,,,
1497,686.2,282.0,267.5,,,
1498,687.5,282.1,267.7,,,
1499,688.8,282.2,267.9,,,
1500,690.1,282.3,268.2,,,
1501,691.5,282.3,268.4,,,
1502,692.8,282.4,268.6,,,
1503,694.2,282.5,268.9,,,
1504,695.5,282.6,269.2,,,
1505,696.7,282.6,269.5,,,
1506,697.9,282.7,269.8,,,
1507,699.0,282.8,270.1,,,
1508,699.9,282.8,270.4,,,
1509,700.7,282.9,270.7,,,
1510,701.3,282.9,270.9,,,
1511,701.8,282.9,271.2,,,
1512,702.2,283.0,271.5,,,
1513,702.4,283.0,271.8,,,
1514,702.6,283.0,272.0,,,
1515,702.7,283.1,272.3,,,
1516,702.7,283.1,272.5,,,
1517,702.6,283.1,272.7,,,
1518,702.4,283.1,272.9,,,
1519,702.2,283.1,273.0,,,
1520,702.0,283.1,273.2,,,
1521,701.7,283.2,273.3,,,
1522,701.4,283.2,273.3,,,
1523,701.1,283.2,273.4,,,
1524,700.8,283.2,273.4,,,
1525,700.5,283.2,273.3,,,
1526,700.2,283.2,273.3,,,
1527,699.9,283.2,273.1,,,
1528,699.7,283.2,273.0,,,
1529,699.5,283.2,272.8,,,
1530,699.3,283.2,272.5,,,
1531,699.2,283.2,272.2,,,
1532,699.2,283.2,271.8,,,
1533,699.2,283.2,271.5,,,
1534,699.3,283.2,271.1,,,
1535,699.4,283.2,270.8,,,
1536,699.5,283.2,270.6,,,
1537,699.6,283.2,270.3,,,
1538,699.8,283.2,270.2,,,
1539,699.9,283.2,270.0,,,
1540,700.1,283.2,269.9,,,
1541,700.3,283.2,269.9,,,
1542,700.5,283.2,269.8,,,
1543,700.8,283.1,269.8,,,
1544,701.1,283.1,269.8,,,
1545,701.5,283.1,269.9,,,
1546,701.9,283.0,269.9,,,
1547,702.5,283.0,269.9,,,
1548,703.1,282.9,270.0,,,
1549,703.8,282.8,270.0,,,
1550,704.6,282.7,270.1,,,
1551,705.6,282.6,270.1,,,
1552,706.6,282.5,270.1,,,
1553,707.7,282.4,270.2,,,
1554,708.7,282.3,270.2,,,
1555,709.8,282.2,270.2,,,
1556,710.7,282.1,270.2,,,
1557,711.5,282.0,270.2,,,
1558,712.0,281.9,270.1,,,
1559,712.3,281.8,270.1,,,
1560,712.3,281.8,270.1,,,
1561,711.9,281.7,270.1,,,
1562,711.2,281.7,270.1,,,
1563,710.0,281.6,270.0,,,
1564,708.5,281.6,270.0,,,
1565,706.7,281.6,270.0,,,
1566,704.6,281.6,269.9,,,
1567,702.4,281.7,269.9,,,
1568,700.0,281.7,269.8,,,
1569,697.6,281.7,269.8,,,
1570,695.1,281.8,269.8,,,
1571,692.7,281.8,269.7,,,
1572,690.3,281.9,269.7,,,
1573,688.1,281.9,269.6,,,
1574,686.1,282.0,269.5,,,
1575,684.3,282.1,269.5,,,
1576,682.7,282.1,269.4,,,
1577,681.3,282.2,269.4,,,
1578,680.1,282.2,269.3,,,
1579,679.0,282.2,269.3,,,
1580,678.1,282.2,269.2,,,
1581,677.2,282.2,269.1,,,
1582,676.4,282.1,269.0,,,
1583,675.7,282.0,269.0,,,
1584,675.0,281.8,268.9,,,
1585,674.3,281.6,268.8,,,
1586,673.5,281.4,268.7,,,
1587,672.7,281.0,268.7,,,
1588,671.8,280.7,268.6,,,
1589,670.8,280.2,268.5,,,
1590,669.7,279.7,268.4,,,
1591,668.5,279.2,268.3,,,
1592,667.4,278.7,268.2,,,
1593,666.5,278.2,268.1,,,
1594,665.7,277.8,268.0,,,
1595,665.2,277.4,267.9,,,
1596,664.8,276.9,267.8,,,
1597,664.6,276.6,267.7,,,
1598,664.6,276.2,267.6,,,
1599,664.7,275.8,267.5,,,
1600,665.1,275.4,267.4,,,
1601,665.6,275.0,267.2,,,
1602,666.3,274.7,267.1,,,
1603,667.1,274.3,267.0,,,
1604,668.2,273.9,266.9,,,
1605,669.4,273.6,266.8,,,
1606,670.7,273.2,266.7,,,
1607,672.2,272.9,266.6,,,
1608,673.6,272.5,266.5,,,
1609,675.0,272.3,266.3,,,
1610,676.3,272.0,266.2,,,
1611,677.4,271.8,266.1,,,
1612,678.3,271.7,266.0,,,
1613,679.0,271.6,265.9,,,
1614,679.5,271.6,265.8,,,
1615,679.8,271.6,265.7,,,
1616,679.9,271.7,265.7,,,
1617,680.0,271.8,265.6,,,
1618,680.0,271.9,265.5,,,
1619,680.0,272.1,265.4,,,
1620,680.0,272.3,265.3,,,
1621,680.0,272.5,265.2,,,
1622,680.0,272.7,265.2,,,
1623,680.2,272.9,265.1,,,
1624,680.5,273.2,265.0,,,
1625,680.9,273.4,265.0,,,
1626,681.4,273.7,264.9,,,
1627,682.1,274.0,264.8,,,
1628,682.8,274.2,264.8,,,
1629,683.5,274.5,264.7,,,
1630,684.2,274.7,264.7,,,
1631,684.9,275.0,264.7,,,
1632,685.6,275.2,264.6,,,
1633,686.2,275.4,264.6,,,
1634,686.6,275.6,264.6,,,
1635,687.0,275.8,264.5,,,
1636,687.3,276.0,264.5,,,
1637,687.4,276.2,264.5,,,
1638,687.4,276.3,264.5,,,
1639,687.1,276.4,264.5,,,
1640,686.7,276.6,264.5,,,
1641,686.1,276.7,264.5,,,
1642,685.3,276.8,264.5,,,
1643,684.2,276.9,264.6,,,
1644,683.1,277.0,264.6,,,
1645,681.8,277.0,264.6,,,
1646,680.5,277.1,264.7,,,
1647,679.2,277.1,264.7,,,
1648,677.9,277.2,264.8,,,
1649,676.7,277.2,264.8,,,
1650,675.7,277.2,264.9,,,
1651,674.9,277.2,265.0,,,
1652,674.2,277.2,265.0,,,
1653,673.7,277.2,265.1,,,
1654,673.4,277.2,265.2,,,
1655,673.3,277.1,265.3,,,
1656,673.3,277.1,265.4,,,
1657,673.5,277.0,265.5,,,
1658,673.7,277.0,265.6,,,
1659,674.1,276.9,265.8,,,
1660,674.7,276.9,265.9,,,
1661,675.3,276.8,266.0,,,
1662,676.0,276.8,266.2,,,
1663,676.8,276.7,266.4,,,
1664,677.6,276.6,266.5,,,
1665,678.6,276.6,266.7,,,
1666,679.5,276.5,266.9,,,
1667,680.6,276.4,267.1,,,
1668,681.6,276.4,267.3,,,
1669,682.7,276.3,267.5,,,
1670,683.8,276.2,267.7,,,
1671,684.8,276.2,267.9,,,
1672,685.9,276.1,268.1,,,
1673,686.9,276.1,268.3,,,
1674,687.9,276.0,268.5,,,
1675,688.7,276.0,268.8,,,
1676,689.5,276.0,269.0,,,
1677,690.3,275.9,269.2,,,
1678,690.8,275.9,269.4,,,
1679,691.3,275.9,269.6,,,
1680,691.6,275.9,269.8,,,
1681,691.8,275.9,269.9,,,
1682,691.8,275.9,270.1,,,
1683,691.5,276.0,270.3,,,
1684,691.1,276.0,270.4,,,
1685,690.5,276.0,270.5,,,
1686,689.8,276.1,270.6,,,
1687,688.8,276.1,270.7,,,
1688,687.7,276.2,270.8,,,
1689,686.4,276.3,270.9,,,
1690,685.0,276.3,271.0,,,
1691,683.5,276.4,271.1,,,
1692,681.9,276.4,271.1,,,
1693,680.2,276.4,271.2,,,
1694,678.5,276.5,271.2,,,
1695,676.8,276.5,271.2,,,
1696,675.2,276.5,271.2,,,
1697,673.6,276.6,271.2,,,
1698,672.0,276.6,271.3,,,
1699,670.6,276.6,271.2,,,
1700,669.2,276.6,271.2,,,
1701,667.9,276.6,271.2,,,
1702,666.7,276.6,271.2,,,
1703,665.6,276.6,271.2,,,
1704,664.6,276.6,271.1,,,
1705,663.7,276.6,271.1,,,
1706,662.9,276.6,271.0,,,
1707,662.3,276.6,271.0,,,
1708,661.7,276.6,270.9,,,
1709,661.3,276.6,270.9,,,
1710,661.0,276.6,270.8,,,
1711,660.9,276.6,270.7,,,
1712,660.9,276.6,270.7,,,
1713,661.1,276.6,270.6,,,
1714,661.4,276.7,270.5,,,
1715,661.9,276.7,270.4,,,
1716,662.5,276.7,270.4,,,
1717,663.4,276.8,270.3,,,
1718,664.4,276.8,270.2,,,
1719,665.6,276.9,270.1,,,
1720,667.0,277.0,270.0,,,
1721,668.6,277.1,270.0,,,
1722,670.4,277.2,269.9,,,
1723,672.4,277.3,269.8,,,
1724,674.6,277.4,269.7,,,
1725,677.0,277.5,269.6,,,
1726,679.6,277.6,269.6,,,
1727,682.3,277.7,269.5,,,
1728,685.1,277.8,269.4,,,
1729,687.9,277.9,269.4,,,
1730,690.6,278.0,269.3,,,
1731,693.3,278.1,269.3,,,
1732,695.8,278.1,269.2,,,
1733,698.2,278.1,269.2,,,
1734,700.3,278.0,269.2,,,
1735,702.2,278.0,269.2,,,
1736,703.7,277.8,269.2,,,
1737,704.9,277.7,269.2,,,
1738,705.7,277.5,269.2,,,
1739,706.3,277.4,269.3,,,
1740,706.5,277.2,269.4,,,
1741,706.4,277.1,269.4,,,
1742,706.0,277.0,269.5,,,
1743,705.3,276.9,269.7,,,
1744,704.3,276.8,269.8,,,
1745,703.1,276.8,270.0,,,
1746,701.7,276.8,270.2,,,
1747,700.2,276.8,270.4,,,
1748,698.9,276.8,270.6,,,
1749,697.7,276.8,270.9,,,
1750,696.8,276.8,271.2,,,
1751,696.4,276.8,271.5,,,
1752,696.2,276.8,271.8,,,
1753,696.3,276.8,272.2,,,
1754,696.5,276.7,272.5,,,
1755,696.8,276.7,272.8,,,
1756,697.2,276.6,273.1,,,
1757,697.7,276.6,273.4,,,
1758,698.4,276.6,273.7,,,
1759,699.1,276.5,273.9,,,
1760,700.0,276.5,274.1,,,
1761,701.0,276.5,274.2,,,
1762,702.1,276.5,274.3,,,
1763,703.3,276.5,274.3,,,
1764,704.7,276.6,274.2,,,
1765,706.3,276.6,274.2,,,
1766,707.8,276.7,274.1,,,
1767,709.5,276.9,274.0,,,
1768,711.1,277.0,273.9,,,
1769,712.6,277.1,273.8,,,
1770,714.1,277.3,273.7,,,
1771,715.4,277.4,273.6,,,
1772,716.6,277.6,273.5,,,
1773,717.5,277.7,273.3,,,
1774,718.2,277.8,273.2,,,
1775,718.6,278.0,273.1,,,
1776,718.7,278.1,272.9,,,
1777,718.6,278.1,272.8,,,
1778,718.4,278.2,272.7,,,
1779,718.2,278.2,272.5,,,
1780,718.2,278.2,272.4,,,
1781,718.3,278.1,272.3,,,
1782,718.7,278.2,272.2,,,
1783,719.1,278.3,272.1,,,
1784,719.6,278.4,272.0,,,
1785,719.8,278.6,271.9,,,
1786,719.8,278.9,271.8,,,
1787,719.6,279.1,271.8,,,
1788,719.2,279.4,271.8,,,
1789,718.8,279.7,271.8,,,
1790,718.3,280.0,271.8,,,
1791,717.9,280.3,271.8,,,
1792,717.7,280.6,271.8,,,
1793,717.6,280.9,271.9,,,
1794,717.9,281.2,272.0,,,
1795,718.4,281.4,272.1,,,
1796,719.4,281.7,272.2,,,
1797,720.7,281.9,272.4,,,
1798,722.6,282.1,272.5,,,
1799,724.6,282.4,272.5,,,
1800,726.6,282.6,272.6,,,
1801,728.5,282.8,272.5,,,
1802,730.0,283.0,272.5,,,
1803,731.3,283.2,272.4,,,
1804,732.3,283.4,272.2,,,
1805,733.2,283.6,272.1,,,
1806,733.8,283.7,271.9,,,
1807,734.4,283.9,271.8,,,
1808,734.8,284.0,271.6,,,
1809,735.0,284.1,271.5,,,
1810,735.3,284.2,271.4,,,
1811,735.4,284.2,271.3,,,
1812,735.6,284.2,271.3,,,
1813,735.8,284.2,271.3,,,
1814,735.9,284.2,271.4,,,
1815,736.2,284.1,271.5,,,
1816,736.6,283.9,271.7,,,
1817,737.0,283.8,272.0,,,
1818,737.6,283.6,272.3,,,
1819,738.4,283.5,272.5,,,
1820,739.5,283.3,272.9,,,
1821,740.8,283.2,273.2,,,
1822,742.3,283.1,273.4,,,
1823,744.1,283.0,273.7,,,
1824,746.0,283.0,273.9,,,
1825,747.9,283.1,274.1,,,
1826,749.7,283.2,274.2,,,
1827,751.4,283.4,274.2,,,
1828,752.7,283.6,274.1,,,
1829,753.8,283.7,274.0,,,
1830,754.7,283.9,273.7,,,
1831,755.4,284.0,273.3,,,
1832,756.0,284.0,272.8,,,
1833,756.7,284.0,272.1,,,
1834,757.6,284.0,271.2,,,
1835,758.8,283.9,270.4,,,
1836,760.1,283.9,269.7,,,
1837,761.5,283.9,269.4,,,
1838,762.9,283.9,269.3,,,
1839,764.4,283.9,269.4,,,
1840,765.9,284.0,269.6,,,
1841,767.5,284.3,269.8,,,
1842,769.2,284.6,270.0,,,
1843,771.1,285.1,270.2,,,
1844,773.0,285.5,270.3,,,
1845,774.9,285.9,270.3,,,
1846,776.7,286.2,270.4,,,
1847,778.4,286.5,270.4,,,
1848,780.2,286.6,270.4,,,
1849,782.2,286.8,270.4,,,
1850,783.8,286.8,270.4,,,
1851,784.3,286.8,270.4,,,
1852,784.0,286.8,270.4,,,
1853,783.3,286.7,270.4,,,
1854,782.6,286.5,270.5,,,
1855,782.1,286.4,270.6,,,
1856,781.9,286.2,270.8,,,
1857,782.3,286.2,271.0,,,
1858,783.1,286.2,271.2,,,
1859,784.5,286.2,271.5,,,
1860,786.2,286.1,271.7,,,
1861,788.2,286.1,271.9,,,
1862,790.5,286.1,272.0,,,
1863,792.9,286.1,272.1,,,
1864,795.5,286.1,272.2,,,
1865,798.0,286.3,272.3,,,
1866,800.1,286.5,272.4,,,
1867,802.0,286.8,272.5,,,
1868,803.8,287.1,272.6,,,
1869,805.7,287.5,272.8,,,
1870,807.6,287.9,273.0,,,
1871,809.8,288.3,273.3,,,
1872,812.1,288.8,273.6,,,
1873,814.4,289.1,274.0,,,
1874,816.6,289.4,274.3,,,
1875,818.6,289.5,274.7,,,
1876,820.3,289.5,275.0,,,
1877,821.9,289.6,275.3,,,
1878,823.3,289.6,275.5,,,
1879,824.9,289.6,275.7,,,
1880,826.5,289.8,275.8,,-0.16,
1881,828.3,289.9,276.0,,-0.08,
1882,830.2,290.1,276.2,,-0.1,
1883,832.1,290.3,276.4,,-0.16,
1884,834.0,290.6,276.8,,-0.28,-0.156
1885,835.8,290.9,277.2,,-0.32,-0.188
1886,837.3,291.3,277.5,,-0.3,-0.23199999999999998
1887,838.4,291.8,277.9,,-0.35,-0.2819999999999999
1888,839.4,292.2,278.1,,-0.16,-0.2819999999999999
1889,840.5,292.6,278.2,,-0.1,-0.24599999999999994
1890,841.7,293.0,278.3,,-0.35,-0.2519999999999999
1891,843.0,293.6,278.3,,-0.22,-0.2359999999999999
1892,844.5,294.1,278.2,,-0.27,-0.21999999999999992
1893,846.2,294.6,278.1,,-0.31,-0.24999999999999994
1894,848.4,295.1,278.0,,-0.3,-0.2899999999999999
1895,850.8,295.5,277.8,,-0.22,-0.26399999999999996
1896,853.2,295.9,277.5,,-0.11,-0.242
1897,855.7,296.0,277.3,,-0.11,-0.21000000000000002
1898,858.6,296.0,277.1,,-0.26,-0.2
1899,861.7,296.0,277.1,,-0.17,-0.174
1900,865.0,296.1,277.2,,-0.08,-0.14599999999999996
1901,868.4,296.2,277.4,,-0.15,-0.15399999999999997
1902,872.1,296.4,277.8,,-0.28,-0.18799999999999997
1903,876.2,296.7,278.3,,-0.37,-0.20999999999999996
1904,880.6,297.0,278.8,,-0.47,-0.26999999999999996
1905,885.5,297.4,279.3,,-0.26,-0.30599999999999994
1906,890.8,297.9,279.6,,-0.22,-0.31999999999999995
1907,896.4,298.3,280.0,,-0.39,-0.34199999999999997
1908,902.3,298.7,280.2,,-0.43,-0.3539999999999999
1909,907.8,299.1,280.5,,-0.48,-0.3559999999999999
1910,912.5,299.3,280.8,,-0.43,-0.3899999999999999
1911,915.7,299.5,281.1,,-0.44,-0.4339999999999999
1912,918.1,299.8,281.4,,-0.36,-0.4279999999999998
1913,920.1,300.2,281.8,,-0.34,-0.4099999999999998
1914,922.6,300.6,282.2,,-0.15,-0.34399999999999975
1915,925.9,301.1,282.7,,-0.14,-0.2859999999999998
1916,930.4,301.6,283.2,,-0.36,-0.26999999999999985
1917,936.2,302.1,283.8,,-0.46,-0.28999999999999987
1918,942.9,302.6,284.4,,-0.29,-0.27999999999999986
1919,950.1,303.0,284.9,,-0.27,-0.3039999999999999
1920,957.3,303.4,285.2,,-0.27,-0.3299999999999999
1921,964.1,303.7,285.3,,-0.19,-0.29599999999999993
1922,970.6,303.9,285.2,,-0.28,-0.2599999999999999
1923,976.6,304.1,285.0,,-0.26,-0.2539999999999999
1924,982.2,304.4,284.6,,-0.27,-0.2539999999999999
1925,987.4,304.7,284.2,,-0.22,-0.2439999999999999
1926,992.1,305.0,283.9,,-0.1,-0.22599999999999992
1927,996.8,305.4,283.9,,-0.22,-0.2139999999999999
1928,1001.5,305.8,284.2,,-0.2,-0.2019999999999999
1929,1006.4,306.2,284.6,,-0.36,-0.21999999999999992
1930,1011.2,306.6,285.0,,-0.16,-0.2079999999999999
1931,1015.9,307.0,285.4,,-0.1,-0.2079999999999999
1932,1020.6,307.3,285.8,,-0.16,-0.1959999999999999
1933,1025.4,307.6,286.1,,-0.29,-0.2139999999999999
1934,1030.7,308.0,286.5,,-0.13,-0.16799999999999995
1935,1036.4,308.4,286.8,,-0.2,-0.17599999999999996
1936,1042.2,308.7,286.9,,-0.15,-0.18599999999999997
1937,1047.9,309.2,286.8,,-0.03,-0.15999999999999998
1938,1053.2,309.6,286.9,,-0.01,-0.10399999999999995
1939,1058.2,310.1,287.3,,-0.02,-0.08199999999999996
1940,1062.8,310.5,287.7,,0.13,-0.01599999999999996
1941,1066.9,310.8,288.1,,0.19,0.052000000000000046
1942,1070.5,311.0,288.3,,0.07,0.07200000000000004
1943,1073.5,311.0,288.2,,0.09,0.09200000000000004
1944,1076.0,311.0,288.0,,0.2,0.13600000000000004
1945,1078.6,310.9,287.9,,0.09,0.12800000000000003
1946,1082.0,310.8,287.8,,-0.07,0.07600000000000001
1947,1086.2,310.8,287.9,,-0.03,0.056000000000000015
1948,1091.3,310.9,287.9,,-0.11,0.01600000000000002
1949,1097.2,311.0,287.9,,-0.11,-0.045999999999999985
1950,1103.8,311.2,287.7,,-0.17,-0.09799999999999998
1951,1111.2,311.5,287.6,,-0.07,-0.09799999999999996
1952,1119.6,311.8,287.7,,0.01,-0.08999999999999997
1953,1128.8,312.2,288.0,,0.08,-0.05199999999999997
1954,1139.0,312.8,288.7,,-0.13,-0.05599999999999997
1955,1150.1,313.5,289.6,,-0.14,-0.049999999999999975
1956,1161.9,314.1,290.6,,-0.19,-0.07399999999999997
1957,1173.2,314.7,291.4,,0.05,-0.06599999999999998
1958,1183.7,315.2,291.9,,0.06,-0.06999999999999998
1959,1194.4,315.7,292.2,,0.03,-0.037999999999999964
1960,1205.5,316.1,292.3,,-0.02,-0.013999999999999962
1961,1217.1,316.7,292.4,,0.06,0.03600000000000004
1962,1229.1,317.2,292.5,,0.04,0.034000000000000044
1963,1241.4,317.8,292.6,,0.05,0.03200000000000004
1964,1253.6,318.4,292.7,,-0.2,-0.013999999999999962
1965,1265.5,319.1,292.7,,-0.11,-0.031999999999999966
1966,1277.9,319.9,292.8,,-0.06,-0.05599999999999996
1967,1291.7,320.8,293.1,,-0.02,-0.06799999999999996
1968,1307.2,321.8,293.6,,-0.08,-0.09399999999999996
1969,1323.9,322.8,294.3,,0.05,-0.04399999999999996
1970,1341.2,323.9,295.2,,0.02,-0.017999999999999964
1971,1358.4,325.0,296.2,,-0.08,-0.021999999999999964
1972,1375.2,326.1,297.0,,0.01,-0.015999999999999966
1973,1391.6,327.3,297.7,,0.16,0.03200000000000004
1974,1407.3,328.5,298.4,,-0.07,0.008000000000000038
1975,1422.4,329.6,299.1,,-0.01,0.0020000000000000373
1976,1437.2,330.8,299.9,,-0.1,-0.0019999999999999627
1977,1451.7,332.0,300.7,,0.18,0.032000000000000035
1978,1466.0,333.2,301.5,,0.07,0.014000000000000035
1979,1480.3,334.5,302.1,,0.16,0.06000000000000003
1980,1495.3,338.8,302.6,152.25,0.26,0.11400000000000003
1981,1511.4,339.99,303.0,145.31,0.32,0.198
1982,1528.1,340.76,303.4,134.51,0.14,0.19000000000000003
1983,1544.6,342.44,303.7,145.05,0.31,0.23800000000000004
1984,1644.65,343.99,304.1,135.07,0.15,0.23600000000000004
1985,1657.21,345.47,304.5,137.21,0.11,0.20600000000000004
1986,1670.07,346.87,305.1,135.14,0.18,0.17800000000000002
1987,1682.66,348.62,305.7,128.82,0.32,0.21400000000000005
1988,1693.16,351.15,306.3,132.56,0.38,0.22800000000000004
1989,1704.55,352.79,307.0,130.17,0.27,0.25200000000000006
1990,1714.42,353.98,307.7,114.43,0.45,0.32
1991,1724.89,355.29,308.4,109.14,0.4,0.364
1992,1735.39,355.99,309.1,106.26,0.22,0.344
1993,1736.44,356.71,309.8,98.23,0.23,0.31399999999999995
1994,1742.05,358.2,310.5,99.2,0.32,0.32399999999999995
1995,1748.8,360.04,311.2,85.99,0.45,0.32399999999999995
1996,1751.46,361.79,312.0,81.43,0.33,0.30999999999999994
1997,1754.51,362.9,312.8,86.7,0.47,0.35999999999999993
1998,1765.54,365.54,313.7,84.7,0.61,0.43599999999999994
1999,1772.41,367.64,314.6,86.67,0.39,0.45
2000,1773.21,368.84,315.4,77.12,0.39,0.438
2001,1771.25,370.41,316.36,81.08,0.54,0.48
2002,1772.75,372.42,316.94,72.66,0.63,0.5119999999999999
2003,1777.36,374.96,317.62,76.29,0.62,0.514
2004,1777.01,376.8,318.25,70.0,0.54,0.5439999999999999
2005,1774.14,378.81,318.92,72.29,0.68,0.602
2006,1774.99,380.94,319.82,64.07,0.64,0.622
2007,1781.4,382.68,320.45,60.27,0.66,0.628
2008,1787.01,384.78,321.5,51.33,0.54,0.612
2009,1793.52,386.29,322.27,45.0,0.66,0.636
2010,1798.88,388.57,323.19,39.21,0.72,0.644
2011,1803.16,390.45,324.21,32.59,0.61,0.638
2012,1808.03,392.46,325.05,30.31,0.64,0.634
2013,1813.42,395.19,325.94,26.5,0.68,0.662
2014,1822.58,397.12,327.09,26.31,0.75,0.68
2015,1834.22,399.41,328.18,22.11,0.9,0.7160000000000002
2016,1843.18,402.86,328.95,15.47,1.02,0.7980000000000003
2017,1849.65,405.0,329.74,13.98,0.92,0.8540000000000004
2018,1857.33,407.38,330.9,13.78,0.85,0.8880000000000005
2019,1866.56,409.83,331.89,,0.98,0.9340000000000004
